candidate,window,cost,pair,open_date,close_date,is_short,stake_amount,leverage,open_rate,close_rate,profit_abs,profit_ratio,fee_open,fee_close,funding_fees,exit_reason,trade_duration,initial_stop_loss_ratio,is_open,entry_orders
btc-volatility-15m-1h-risk,early,base,BTC/USDT:USDT,2026-03-16 04:00:00+00:00,2026-03-18 04:00:00+00:00,False,2471.2128,1.0,73548.0,74414.9,25.64775259,0.010371349534040428,0.0007,0.0007,0.0,research_timeout_48h,2880,-0.02,False,1
btc-volatility-15m-1h-risk,early,base,BTC/USDT:USDT,2026-03-18 12:00:00+00:00,2026-03-20 12:00:00+00:00,True,2479.059,1.0,72913.5,70445.0,80.5170677,0.03250163434125201,0.0007,0.0007,0.0,research_timeout_48h,2880,-0.02,False,1
btc-volatility-15m-1h-risk,early,base,BTC/USDT:USDT,2026-03-22 00:00:00+00:00,2026-03-23 11:06:00+00:00,True,2493.79266,1.0,68889.3,70267.0,-53.39896064,-0.021427750170805053,0.0007,0.0007,0.0,stop_loss,2106,-0.02,False,1
btc-volatility-15m-1h-risk,early,base,BTC/USDT:USDT,2026-03-23 12:00:00+00:00,2026-03-25 12:00:00+00:00,False,2481.53646,1.0,70099.9,71643.6,51.13457607,0.0205916002963609,0.0007,0.0007,0.0,research_timeout_48h,2880,-0.02,False,1
btc-volatility-15m-1h-risk,early,base,BTC/USDT:USDT,2026-03-27 11:00:00+00:00,2026-03-29 11:00:00+00:00,True,2498.60272,1.0,66452.2,66473.2,-4.28819653,-0.0017174400459546372,0.0007,0.0007,0.0,research_timeout_48h,2880,-0.02,False,1
btc-volatility-15m-1h-risk,early,base,BTC/USDT:USDT,2026-03-29 23:00:00+00:00,2026-03-30 02:45:00+00:00,True,2494.5022,1.0,65818.0,67134.3,-53.41499452,-0.021428087418742504,0.0007,0.0007,0.0,stop_loss,225,-0.02,False,1
btc-volatility-15m-1h-risk,early,base,BTC/USDT:USDT,2026-04-02 02:00:00+00:00,2026-04-04 02:00:00+00:00,True,2484.35523,1.0,67326.7,66824.6,15.06236192,0.00606713274215272,0.0007,0.0007,0.0,research_timeout_48h,2880,-0.02,False,1
btc-volatility-15m-1h-risk,early,base,BTC/USDT:USDT,2026-04-05 23:00:00+00:00,2026-04-07 11:00:00+00:00,False,2486.87348,1.0,68320.7,68199.3,-7.8974896,-0.0031734486244724283,0.0007,0.0007,0.0,exit_signal,2160,-0.02,False,1
btc-volatility-15m-1h-risk,early,base,BTC/USDT:USDT,2026-04-07 11:00:00+00:00,2026-04-07 21:05:00+00:00,True,2482.45452,1.0,68199.3,69563.2,-53.1561485,-0.021427737523549113,0.0007,0.0007,0.0,stop_loss,605,-0.02,False,1
btc-volatility-15m-1h-risk,early,base,BTC/USDT:USDT,2026-04-07 23:00:00+00:00,2026-04-09 23:00:00+00:00,False,2473.1734,1.0,71479.0,71911.1,11.47775178,0.004637654187093496,0.0007,0.0007,0.0,research_timeout_48h,2880,-0.02,False,1
btc-volatility-15m-1h-risk,early,base,BTC/USDT:USDT,2026-04-12 02:00:00+00:00,2026-04-13 15:00:00+00:00,True,2477.70254,1.0,71609.9,72347.0,-28.99029612,-0.01170867086509898,0.0007,0.0007,0.0,exit_signal,2220,-0.02,False,1
btc-volatility-15m-1h-risk,early,base,BTC/USDT:USDT,2026-04-13 15:00:00+00:00,2026-04-15 15:00:00+00:00,False,2467.0327,1.0,72347.0,74111.0,56.65644754,0.022949357650979545,0.0007,0.0007,0.0,research_timeout_48h,2880,-0.02,False,1
btc-volatility-15m-1h-risk,early,base,BTC/USDT:USDT,2026-04-16 14:00:00+00:00,2026-04-16 19:41:00+00:00,True,2478.0,1.0,73750.0,75225.0,-53.063892,-0.021429000300210145,0.0007,0.0007,0.0,stop_loss,341,-0.02,False,1
btc-volatility-15m-1h-risk,early,base,BTC/USDT:USDT,2026-04-17 14:00:00+00:00,2026-04-18 11:40:00+00:00,False,2465.86681,1.0,77299.9,75754.0,-52.73190359,-0.021369774257209522,0.0007,0.0007,0.0,stop_loss,1300,-0.02,False,1
btc-volatility-15m-1h-risk,early,base,BTC/USDT:USDT,2026-04-22 03:00:00+00:00,2026-04-24 03:00:00+00:00,False,2451.53432,1.0,77580.2,78092.3,12.7388843,0.005192655560570299,0.0007,0.0007,0.0,research_timeout_48h,2880,-0.02,False,1
btc-volatility-15m-1h-risk,early,base,BTC/USDT:USDT,2026-04-27 06:00:00+00:00,2026-04-29 06:00:00+00:00,True,2456.58716,1.0,77740.1,77244.9,12.2200518,0.004977886405740147,0.0007,0.0007,0.0,research_timeout_48h,2880,-0.02,False,1
btc-volatility-15m-1h-risk,early,base,BTC/USDT:USDT,2026-05-01 14:00:00+00:00,2026-05-03 14:00:00+00:00,False,2463.21923,1.0,78697.1,78638.2,-5.29078642,-0.002146412871329311,0.0007,0.0007,0.0,research_timeout_48h,2880,-0.02,False,1
btc-volatility-15m-1h-risk,early,base,BTC/USDT:USDT,2026-05-04 00:00:00+00:00,2026-05-04 02:00:00+00:00,True,2458.02343,1.0,78531.1,79754.9,-41.77298626,-0.017006448076649718,0.0007,0.0007,0.0,exit_signal,120,-0.02,False,1
btc-volatility-15m-1h-risk,early,base,BTC/USDT:USDT,2026-05-04 02:00:00+00:00,2026-05-04 10:24:00+00:00,False,2448.47543,1.0,79754.9,78159.9,-52.36008905,-0.021369813225432976,0.0007,0.0007,0.0,stop_loss,504,-0.02,False,1
btc-volatility-15m-1h-risk,early,base,BTC/USDT:USDT,2026-05-04 11:00:00+00:00,2026-05-04 14:55:00+00:00,True,2437.92348,1.0,78897.2,80475.1,-52.20433285,-0.021428441831585595,0.0007,0.0007,0.0,stop_loss,235,-0.02,False,1
btc-volatility-15m-1h-risk,early,base,BTC/USDT:USDT,2026-05-04 15:00:00+00:00,2026-05-06 15:00:00+00:00,False,2421.57492,1.0,80184.6,81479.2,35.67934727,0.014723636631305097,0.0007,0.0007,0.0,research_timeout_48h,2880,-0.02,False,1
btc-volatility-15m-1h-risk,early,base,BTC/USDT:USDT,2026-05-10 16:00:00+00:00,2026-05-10 21:00:00+00:00,False,2433.10054,1.0,81374.6,80696.2,-23.67630184,-0.009724111122010853,0.0007,0.0007,0.0,exit_signal,300,-0.02,False,1
btc-volatility-15m-1h-risk,early,base,BTC/USDT:USDT,2026-05-10 21:00:00+00:00,2026-05-10 23:00:00+00:00,True,2428.95562,1.0,80696.2,82015.9,-43.15131395,-0.017777822152518417,0.0007,0.0007,0.0,exit_signal,120,-0.02,False,1
btc-volatility-15m-1h-risk,early,base,BTC/USDT:USDT,2026-05-10 23:00:00+00:00,2026-05-12 13:59:00+00:00,False,2419.46905,1.0,82015.9,80375.6,-51.74223447,-0.021370821107147754,0.0007,0.0007,0.0,stop_loss,2339,-0.02,False,1
btc-volatility-15m-1h-risk,early,base,BTC/USDT:USDT,2026-05-13 16:00:00+00:00,2026-05-14 14:46:00+00:00,True,2403.40305,1.0,78800.1,80376.1,-51.46641187,-0.021428974883973856,0.0007,0.0007,0.0,stop_loss,1366,-0.02,False,1
btc-volatility-15m-1h-risk,early,base,BTC/USDT:USDT,2026-05-14 15:00:00+00:00,2026-05-15 13:39:00+00:00,False,2387.07215,1.0,80917.7,79299.4,-51.04833311,-0.021370373858623795,0.0007,0.0007,0.0,stop_loss,1359,-0.02,False,1
btc-volatility-15m-1h-risk,early,base,BTC/USDT:USDT,2026-05-15 14:00:00+00:00,2026-05-17 14:00:00+00:00,True,2377.0269,1.0,78709.5,78164.1,13.1547721,0.005538005014088641,0.0007,0.0007,0.0,research_timeout_48h,2880,-0.02,False,1
btc-volatility-15m-1h-risk,early,base,BTC/USDT:USDT,2026-05-18 00:00:00+00:00,2026-05-20 00:00:00+00:00,True,2384.382,1.0,77415.0,76799.9,15.62020676,0.006555639391672474,0.0007,0.0007,0.0,research_timeout_48h,2880,-0.02,False,1
btc-volatility-15m-1h-risk,early,base,BTC/USDT:USDT,2026-05-23 08:00:00+00:00,2026-05-23 20:10:00+00:00,True,2386.4416,1.0,74576.3,76067.8,-51.10242784,-0.021428651175548586,0.0007,0.0007,0.0,stop_loss,730,-0.02,False,1
btc-volatility-15m-1h-risk,early,base,BTC/USDT:USDT,2026-05-23 21:00:00+00:00,2026-05-25 21:00:00+00:00,False,2371.79297,1.0,77257.1,77248.0,-3.5996846,-0.0015166444242355715,0.0007,0.0007,0.0,research_timeout_48h,2880,-0.02,False,1
btc-volatility-15m-1h-risk,early,base,BTC/USDT:USDT,2026-05-26 11:00:00+00:00,2026-05-26 17:30:00+00:00,False,2368.36962,1.0,77397.7,75849.8,-50.64830145,-0.021370343552748534,0.0007,0.0007,0.0,stop_loss,390,-0.02,False,1
btc-volatility-15m-1h-risk,early,base,BTC/USDT:USDT,2026-05-28 04:00:00+00:00,2026-05-30 04:00:00+00:00,True,2357.9416,1.0,73228.0,73492.0,-11.8078688,-0.0050112098187964655,0.0007,0.0007,0.0,research_timeout_48h,2880,-0.02,False,1
btc-volatility-15m-1h-risk,early,base,BTC/USDT:USDT,2026-06-01 02:00:00+00:00,2026-06-03 02:00:00+00:00,True,2358.81744,1.0,73255.2,66881.9,202.06156977,0.0857222388301334,0.0007,0.0007,0.0,research_timeout_48h,2880,-0.02,False,1
btc-volatility-15m-1h-risk,early,base,BTC/USDT:USDT,2026-06-07 23:00:00+00:00,2026-06-09 14:29:00+00:00,False,2406.48858,1.0,62832.6,61576.0,-51.33270934,-0.021316037817596778,0.0007,0.0007,0.1304652277844377,stop_loss,2369,-0.02,False,1
btc-volatility-15m-1h-risk,early,base,BTC/USDT:USDT,2026-06-11 18:00:00+00:00,2026-06-13 18:00:00+00:00,False,2391.96912,1.0,63616.2,63942.1,9.04195484,0.0037774860149827733,0.0007,0.0007,0.14544929240919682,research_timeout_48h,2880,-0.02,False,1
btc-volatility-15m-1h-risk,early,base,BTC/USDT:USDT,2026-06-14 22:00:00+00:00,2026-06-16 22:00:00+00:00,False,2395.66223,1.0,65276.9,65748.0,14.61479264,0.006096255665136495,0.0007,0.0007,0.6914523230623676,research_timeout_48h,2880,-0.02,False,1
btc-volatility-15m-1h-risk,early,base,BTC/USDT:USDT,2026-06-17 20:00:00+00:00,2026-06-19 20:00:00+00:00,True,2397.57686,1.0,64278.2,63000.0,44.58091948,0.018607181578983254,0.0007,0.0007,0.22729328645068644,research_timeout_48h,2880,-0.02,False,1
btc-volatility-15m-1h-risk,early,base,BTC/USDT:USDT,2026-06-22 02:00:00+00:00,2026-06-23 06:06:00+00:00,False,2408.46473,1.0,64570.1,63278.7,-51.79253977,-0.02148933704864886,0.0007,0.0007,-0.28518759884005984,stop_loss,1686,-0.02,False,1
btc-volatility-15m-1h-risk,early,base,BTC/USDT:USDT,2026-06-24 14:00:00+00:00,2026-06-26 04:00:00+00:00,True,2396.83,1.0,61300.0,60010.1,46.84138718,0.019556747503737672,0.0007,0.0007,-0.2734453818832195,exit_signal,2280,-0.02,False,1
btc-volatility-15m-1h-risk,early,base,BTC/USDT:USDT,2026-06-26 04:00:00+00:00,2026-06-26 13:18:00+00:00,False,2412.40602,1.0,60010.1,58809.9,-51.61513405,-0.021380741178008283,0.0007,0.0007,-0.02349925202793698,stop_loss,558,-0.02,False,1
btc-volatility-15m-1h-risk,early,base,BTC/USDT:USDT,2026-06-30 13:00:00+00:00,2026-07-01 14:00:00+00:00,True,2399.18784,1.0,58374.4,59466.0,-47.95482215,-0.020001941173488056,0.0007,0.0007,0.3002061571244837,exit_signal,1500,-0.02,False,1
btc-volatility-15m-1h-risk,early,base,BTC/USDT:USDT,2026-07-01 14:00:00+00:00,2026-07-03 14:00:00+00:00,False,2384.5866,1.0,59466.0,62085.1,100.49337552,0.04211341259925091,0.0007,0.0007,-1.1205951005672374,research_timeout_48h,2880,-0.02,False,1
btc-volatility-15m-1h-risk,early,base,BTC/USDT:USDT,2026-07-05 23:00:00+00:00,2026-07-06 12:00:00+00:00,False,2408.05278,1.0,63705.1,62431.0,-51.88127535,-0.0215298370085132,0.0007,0.0007,-0.38273414251446364,stop_loss,780,-0.02,False,1
btc-volatility-15m-1h-risk,early,base,BTC/USDT:USDT,2026-07-06 13:00:00+00:00,2026-07-06 15:50:00+00:00,True,2394.89508,1.0,61724.1,62958.5,-51.28109942,-0.021427669948252785,0.0007,0.0007,0.0,stop_loss,170,-0.02,False,1
btc-volatility-15m-1h-risk,early,base,BTC/USDT:USDT,2026-07-06 16:00:00+00:00,2026-07-08 08:21:00+00:00,False,2381.99625,1.0,63519.9,62249.6,-51.82316311,-0.02174097136861992,0.0007,0.0007,-0.8854637319600646,stop_loss,2421,-0.02,False,1
btc-volatility-15m-1h-risk,early,base,BTC/USDT:USDT,2026-07-08 09:00:00+00:00,2026-07-09 07:47:00+00:00,True,2374.01018,1.0,61984.6,63224.2,-50.45989149,-0.021270017534933107,0.0007,0.0007,0.3736364355333107,stop_loss,1367,-0.02,False,1
btc-volatility-15m-1h-risk,late,base,BTC/USDT:USDT,2026-07-13 02:00:00+00:00,2026-07-14 13:00:00+00:00,True,2471.82,1.0,63380.0,63940.2,-24.89012559,-0.010076607877037095,0.0007,0.0007,0.4335158663023388,exit_signal,2100,-0.02,False,1
btc-volatility-15m-1h-risk,late,base,BTC/USDT:USDT,2026-07-14 13:00:00+00:00,2026-07-16 13:00:00+00:00,False,2468.09172,1.0,63940.2,63940.0,-4.53384787,-0.0018357001726509719,0.0007,0.0007,-1.0708048625092663,research_timeout_48h,2880,-0.02,False,1
btc-volatility-15m-1h-risk,late,base,BTC/USDT:USDT,2026-07-20 12:00:00+00:00,2026-07-22 12:00:00+00:00,False,2462.39711,1.0,64970.9,65992.1,35.07554026,0.01423450523657016,0.0007,0.0007,-0.1534913507367238,research_timeout_48h,2880,-0.02,False,1
btc-volatility-15m-1h-risk,late,base,BTC/USDT:USDT,2026-07-24 14:00:00+00:00,2026-07-26 14:00:00+00:00,True,2475.0706,1.0,64121.0,64494.1,-17.45019212,-0.007055320285032575,0.0007,0.0007,0.42664788184389313,research_timeout_48h,2880,-0.02,False,1
btc-volatility-15m-1h-risk,late,base,BTC/USDT:USDT,2026-07-26 23:00:00+00:00,2026-07-27 22:46:00+00:00,False,2471.40936,1.0,65381.2,64073.6,-53.22466758,-0.021521095305124936,0.0007,0.0007,-0.3720135754767921,stop_loss,1426,-0.02,False,1
btc-volatility-15m-1h-risk,late,base,BTC/USDT:USDT,2026-07-27 23:00:00+00:00,2026-07-29 23:00:00+00:00,True,2454.62525,1.0,63756.5,63907.0,-8.73479105,-0.0035609955885448287,0.0007,0.0007,0.49999027697551096,research_timeout_48h,2880,-0.02,False,1
btc-volatility-15m-1h-risk,late,base,BTC/USDT:USDT,2026-08-02 03:00:00+00:00,2026-08-04 03:00:00+00:00,False,2454.33078,1.0,63419.4,63792.3,10.53039484,0.004287534836643361,0.0007,0.0007,-0.4546702077851242,research_timeout_48h,2880,-0.02,False,1
btc-volatility-15m-1h-risk,late,base,BTC/USDT:USDT,2026-08-09 14:00:00+00:00,2026-08-10 16:47:00+00:00,False,2457.61776,1.0,65188.8,63885.1,-53.18243512,-0.021624694580893816,0.0007,0.0007,-0.626684900765871,stop_loss,1607,-0.02,False,1
btc-volatility-15m-1h-risk,late,base,BTC/USDT:USDT,2026-08-11 15:00:00+00:00,2026-08-13 15:00:00+00:00,True,2441.62883,1.0,63750.1,63831.8,-5.39539992,-0.0022113022582313955,0.0007,0.0007,1.1541808230802222,research_timeout_48h,2880,-0.02,False,1
btc-volatility-15m-1h-risk,late,base,BTC/USDT:USDT,2026-08-17 03:00:00+00:00,2026-08-19 03:00:00+00:00,False,2440.04915,1.0,63377.9,64330.1,32.79813332,0.013432184628952838,0.0007,0.0007,-0.41983607790142574,research_timeout_48h,2880,-0.02,False,1
btc-volatility-15m-1h-risk,late,base,BTC/USDT:USDT,2026-08-19 13:00:00+00:00,2026-08-21 13:00:00+00:00,False,2451.4434,1.0,64853.0,77233.3,463.1426776,0.18879436682358045,0.0007,0.0007,-1.0730589046154655,research_timeout_48h,2880,-0.02,False,1
btc-volatility-15m-1h-risk,late,base,BTC/USDT:USDT,2026-08-28 16:00:00+00:00,2026-08-30 13:00:00+00:00,True,2497.58179,1.0,78294.1,78756.2,-17.23699489,-0.006906308056669057,0.0007,0.0007,1.0109283138587952,exit_signal,2700,-0.02,False,1
btc-volatility-15m-1h-risk,late,base,BTC/USDT:USDT,2026-08-30 13:00:00+00:00,2026-08-30 23:46:00+00:00,False,2496.57154,1.0,78756.2,77181.1,-53.47805493,-0.021405613907409107,0.0007,0.0007,-0.08713624477956261,stop_loss,646,-0.02,False,1
btc-volatility-15m-1h-risk,late,base,BTC/USDT:USDT,2026-08-31 00:00:00+00:00,2026-08-31 18:44:00+00:00,True,2492.25363,1.0,77640.3,79193.1,-52.8116773,-0.021205173796841444,0.0007,0.0007,0.5572491981481462,stop_loss,1124,-0.02,False,1
btc-volatility-15m-1h-risk,late,base,BTC/USDT:USDT,2026-09-03 15:00:00+00:00,2026-09-04 13:00:00+00:00,False,2496.0704,1.0,80518.4,79420.1,-37.84062009,-0.015149472620992819,0.0007,0.0007,-0.3226546362049341,exit_signal,1320,-0.02,False,1
btc-volatility-15m-1h-risk,late,base,BTC/USDT:USDT,2026-09-04 13:00:00+00:00,2026-09-06 13:00:00+00:00,True,2493.79114,1.0,79420.1,79882.7,-17.87734801,-0.007173764728205646,0.0007,0.0007,0.14976753235340562,research_timeout_48h,2880,-0.02,False,1
btc-freinforced-15m-1h-risk,early,base,BTC/USDT:USDT,2026-03-14 03:45:00+00:00,2026-03-14 04:00:00+00:00,False,2474.72892,1.0,71112.9,71039.1,-6.03106272,-0.0024353551940749637,0.0007,0.0007,0.0,exit_signal,15,-0.02,False,1
btc-freinforced-15m-1h-risk,early,base,BTC/USDT:USDT,2026-03-24 21:00:00+00:00,2026-03-25 10:45:00+00:00,False,2473.25567,1.0,70063.9,71393.7,43.4465227,0.017554243151907702,0.0007,0.0007,0.0,exit_signal,825,-0.02,False,1
btc-freinforced-15m-1h-risk,early,base,BTC/USDT:USDT,2026-04-06 15:00:00+00:00,2026-04-06 19:15:00+00:00,False,2478.42572,1.0,69618.7,69690.7,-0.90839025,-0.0003662626700084692,0.0007,0.0007,0.0,exit_signal,255,-0.02,False,1
btc-freinforced-15m-1h-risk,early,base,BTC/USDT:USDT,2026-04-23 06:30:00+00:00,2026-04-23 07:15:00+00:00,False,2479.85613,1.0,78228.9,78093.5,-7.76097406,-0.0031274173870623444,0.0007,0.0007,0.0,exit_signal,45,-0.02,False,1
btc-freinforced-15m-1h-risk,early,base,BTC/USDT:USDT,2026-05-08 00:45:00+00:00,2026-05-08 08:45:00+00:00,True,2476.3482,1.0,79882.2,79843.1,-2.25393901,-0.0009108242017462477,0.0007,0.0007,0.0,exit_signal,480,-0.02,False,1
btc-freinforced-15m-1h-risk,early,base,BTC/USDT:USDT,2026-05-18 14:15:00+00:00,2026-05-18 17:15:00+00:00,True,2476.38609,1.0,76668.3,76533.1,0.90307635,0.00036493055340267386,0.0007,0.0007,0.0,exit_signal,180,-0.02,False,1
btc-freinforced-15m-1h-risk,early,base,BTC/USDT:USDT,2026-05-26 07:15:00+00:00,2026-05-26 09:00:00+00:00,True,2475.84345,1.0,76651.5,76693.5,-4.82373045,-0.0019496828147993845,0.0007,0.0007,0.0,exit_signal,105,-0.02,False,1
btc-freinforced-15m-1h-risk,early,base,BTC/USDT:USDT,2026-06-14 21:15:00+00:00,2026-06-15 08:15:00+00:00,False,2479.4703,1.0,64069.0,65705.6,60.14427368,0.02423993630353348,0.0007,0.0007,0.32344759574851445,exit_signal,660,-0.02,False,1
btc-freinforced-15m-1h-risk,early,base,BTC/USDT:USDT,2026-06-21 06:45:00+00:00,2026-06-21 07:15:00+00:00,False,2494.06788,1.0,64280.1,64230.0,-5.43421432,-0.002177331689496111,0.0007,0.0007,0.0,exit_signal,30,-0.02,False,1
btc-freinforced-15m-1h-risk,early,base,BTC/USDT:USDT,2026-06-25 11:00:00+00:00,2026-06-25 13:30:00+00:00,True,2492.55347,1.0,61242.1,61204.6,-1.96225648,-0.0007877989561103379,0.0007,0.0007,0.0,exit_signal,150,-0.02,False,1
btc-freinforced-15m-1h-risk,early,base,BTC/USDT:USDT,2026-06-28 03:30:00+00:00,2026-06-28 08:15:00+00:00,False,2493.5634,1.0,60231.0,60150.0,-6.92177763,-0.0027739161454477276,0.0007,0.0007,-0.07973624952168717,exit_signal,285,-0.02,False,1
btc-freinforced-15m-1h-risk,late,base,BTC/USDT:USDT,2026-07-13 11:00:00+00:00,2026-07-13 11:15:00+00:00,True,2469.52947,1.0,62837.9,63045.1,-11.60600133,-0.00470297332465334,0.0007,0.0007,0.0,exit_signal,15,-0.02,False,1
btc-freinforced-15m-1h-risk,late,base,BTC/USDT:USDT,2026-07-19 05:15:00+00:00,2026-07-19 07:30:00+00:00,False,2467.56555,1.0,64765.5,64702.7,-5.84559689,-0.002367316173025612,0.0007,0.0007,0.0,exit_signal,135,-0.02,False,1
btc-freinforced-15m-1h-risk,late,base,BTC/USDT:USDT,2026-08-02 17:00:00+00:00,2026-08-02 18:15:00+00:00,False,2469.47389,1.0,63157.9,63290.9,1.73939634,0.0007038663665603735,0.0007,0.0007,0.0,exit_signal,75,-0.02,False,1
btc-freinforced-15m-1h-risk,late,base,BTC/USDT:USDT,2026-08-20 04:15:00+00:00,2026-08-20 04:45:00+00:00,False,2469.30856,1.0,69362.6,69336.1,-4.3997716,-0.001780536456837139,0.0007,0.0007,0.0,exit_signal,30,-0.02,False,1
btc-freinforced-15m-1h-risk,late,base,BTC/USDT:USDT,2026-09-06 18:30:00+00:00,2026-09-06 19:00:00+00:00,False,2468.28273,1.0,79879.7,79910.0,-2.51998121,-0.0010202309591494992,0.0007,0.0007,0.0,exit_signal,30,-0.02,False,1
xau-volatility-15m-1h-risk,early,base,XAU/USDT:USDT,2026-03-13 15:00:00+00:00,2026-03-15 15:00:00+00:00,True,2470.578,1.0,5021.5,4984.1,14.95487136,0.0060574274938787935,0.0007,0.0007,0.0,research_timeout_48h,2880,-0.02,False,1
xau-volatility-15m-1h-risk,early,base,XAU/USDT:USDT,2026-03-15 23:00:00+00:00,2026-03-16 00:00:00+00:00,False,2477.97,1.0,5006.0,4975.7,-18.45715905,-0.007443289497591398,0.0007,0.0007,0.0,exit_signal,60,-0.02,False,1
xau-volatility-15m-1h-risk,early,base,XAU/USDT:USDT,2026-03-16 00:00:00+00:00,2026-03-16 01:00:00+00:00,True,2472.9229,1.0,4975.7,5003.0,-17.03968973,-0.0068953325912860745,0.0007,0.0007,0.0,exit_signal,60,-0.02,False,1
xau-volatility-15m-1h-risk,early,base,XAU/USDT:USDT,2026-03-16 01:00:00+00:00,2026-03-18 01:00:00+00:00,False,2466.479,1.0,5003.0,4982.1,-13.74955801,-0.005570669789592218,0.0007,0.0007,0.0,research_timeout_48h,2880,-0.02,False,1
xau-volatility-15m-1h-risk,early,base,XAU/USDT:USDT,2026-03-18 12:00:00+00:00,2026-03-20 12:00:00+00:00,True,2466.4,1.0,4932.8,4674.0,126.03762,0.05113765331482931,0.0007,0.0007,0.0,research_timeout_48h,2880,-0.02,False,1
xau-volatility-15m-1h-risk,early,base,XAU/USDT:USDT,2026-03-23 01:00:00+00:00,2026-03-23 01:33:00+00:00,True,2495.1558,1.0,4369.8,4457.1,-53.37641193,-0.02140700055327759,0.0007,0.0007,0.0,stop_loss,33,-0.02,False,1
xau-volatility-15m-1h-risk,early,base,XAU/USDT:USDT,2026-03-23 01:45:00+00:00,2026-03-24 23:37:00+00:00,True,2482.1277,1.0,4440.3,4529.1,-53.14892622,-0.02142764714707092,0.0007,0.0007,0.0,stop_loss,2752,-0.02,False,1
xau-volatility-15m-1h-risk,early,base,XAU/USDT:USDT,2026-03-26 06:00:00+00:00,2026-03-27 15:00:00+00:00,True,2470.864,1.0,4444.0,4510.4,-40.40345248,-0.016363407580625967,0.0007,0.0007,0.0,exit_signal,1980,-0.02,False,1
xau-volatility-15m-1h-risk,early,base,XAU/USDT:USDT,2026-03-27 15:00:00+00:00,2026-03-29 15:00:00+00:00,False,2458.168,1.0,4510.4,4507.2,-5.1842144,-0.002107499564068898,0.0007,0.0007,0.0,research_timeout_48h,2880,-0.02,False,1
xau-volatility-15m-1h-risk,early,base,XAU/USDT:USDT,2026-03-29 23:00:00+00:00,2026-03-30 02:00:00+00:00,True,2459.15,1.0,4487.5,4474.5,3.6861768,0.0015000137979594074,0.0007,0.0007,0.0,exit_signal,180,-0.02,False,1
xau-volatility-15m-1h-risk,early,base,XAU/USDT:USDT,2026-03-30 02:00:00+00:00,2026-03-30 14:00:00+00:00,False,2456.5005,1.0,4474.5,4522.2,22.72986819,0.009246474166038852,0.0007,0.0007,0.0,exit_signal,720,-0.02,False,1
xau-volatility-15m-1h-risk,early,base,XAU/USDT:USDT,2026-03-30 14:00:00+00:00,2026-03-31 01:43:00+00:00,True,2464.599,1.0,4522.2,4612.6,-52.7529262,-0.02141925689143782,0.0007,0.0007,0.0,stop_loss,703,-0.02,False,1
xau-volatility-15m-1h-risk,early,base,XAU/USDT:USDT,2026-03-31 02:00:00+00:00,2026-04-02 02:00:00+00:00,False,2453.1325,1.0,4602.5,4694.7,45.67381468,0.018605544288471183,0.0007,0.0007,0.0,exit_signal,2880,-0.02,False,1
xau-volatility-15m-1h-risk,early,base,XAU/USDT:USDT,2026-04-02 02:00:00+00:00,2026-04-04 02:00:00+00:00,True,2464.7175,1.0,4694.7,4652.8,18.56229375,0.007536480938493058,0.0007,0.0007,0.0,research_timeout_48h,2880,-0.02,False,1
xau-volatility-15m-1h-risk,early,base,XAU/USDT:USDT,2026-04-05 11:00:00+00:00,2026-04-07 11:00:00+00:00,True,2466.9729,1.0,4645.9,4644.0,-2.44415583,-0.0009914449962365982,0.0007,0.0007,0.0,research_timeout_48h,2880,-0.02,False,1
xau-volatility-15m-1h-risk,early,base,XAU/USDT:USDT,2026-04-07 23:00:00+00:00,2026-04-08 18:43:00+00:00,False,2467.2514,1.0,4800.1,4704.1,-52.76361116,-0.021370624196736583,0.0007,0.0007,0.0,stop_loss,1183,-0.02,False,1
xau-volatility-15m-1h-risk,early,base,XAU/USDT:USDT,2026-04-12 02:00:00+00:00,2026-04-14 02:00:00+00:00,True,2453.88,1.0,4719.0,4756.9,-23.1572276,-0.009443595047153901,0.0007,0.0007,0.0,research_timeout_48h,2880,-0.02,False,1
xau-volatility-15m-1h-risk,early,base,XAU/USDT:USDT,2026-04-17 13:00:00+00:00,2026-04-19 13:00:00+00:00,False,2449.317,1.0,4831.0,4795.5,-21.41494485,-0.008737115234405261,0.0007,0.0007,0.0,research_timeout_48h,2880,-0.02,False,1
xau-volatility-15m-1h-risk,early,base,XAU/USDT:USDT,2026-04-19 21:00:00+00:00,2026-04-20 02:00:00+00:00,True,2442.8032,1.0,4771.1,4795.7,-16.02394112,-0.006564247883748969,0.0007,0.0007,0.0,exit_signal,300,-0.02,False,1
xau-volatility-15m-1h-risk,early,base,XAU/USDT:USDT,2026-04-20 02:00:00+00:00,2026-04-21 15:00:00+00:00,False,2436.2156,1.0,4795.7,4732.9,-35.29077016,-0.014475764748107316,0.0007,0.0007,0.0,exit_signal,2220,-0.02,False,1
xau-volatility-15m-1h-risk,early,base,XAU/USDT:USDT,2026-04-21 15:00:00+00:00,2026-04-23 15:00:00+00:00,True,2427.9777,1.0,4732.9,4726.3,-0.01099872,-4.533165398161607e-06,0.0007,0.0007,0.0,research_timeout_48h,2880,-0.02,False,1
xau-volatility-15m-1h-risk,early,base,XAU/USDT:USDT,2026-04-26 18:00:00+00:00,2026-04-26 23:00:00+00:00,False,2430.876,1.0,4711.0,4679.8,-19.49115696,-0.008012552962024438,0.0007,0.0007,0.0,exit_signal,300,-0.02,False,1
xau-volatility-15m-1h-risk,early,base,XAU/USDT:USDT,2026-04-26 23:00:00+00:00,2026-04-27 01:00:00+00:00,True,2424.1364,1.0,4679.8,4693.2,-10.3398498,-0.0042683624423672925,0.0007,0.0007,0.0,exit_signal,120,-0.02,False,1
xau-volatility-15m-1h-risk,early,base,XAU/USDT:USDT,2026-04-27 01:00:00+00:00,2026-04-28 02:00:00+00:00,False,2421.6912,1.0,4693.2,4669.3,-15.714135,-0.00648437042676621,0.0007,0.0007,0.0,exit_signal,1500,-0.02,False,1
xau-volatility-15m-1h-risk,early,base,XAU/USDT:USDT,2026-04-28 02:00:00+00:00,2026-04-30 02:00:00+00:00,True,2418.6974,1.0,4669.3,4583.3,41.19300724,0.017043001139282924,0.0007,0.0007,0.0,research_timeout_48h,2880,-0.02,False,1
xau-volatility-15m-1h-risk,early,base,XAU/USDT:USDT,2026-05-01 14:00:00+00:00,2026-05-03 14:00:00+00:00,False,2426.4344,1.0,4630.6,4624.7,-6.48644404,-0.002671371088913958,0.0007,0.0007,0.0,research_timeout_48h,2880,-0.02,False,1
xau-volatility-15m-1h-risk,early,base,XAU/USDT:USDT,2026-05-03 17:00:00+00:00,2026-05-03 22:00:00+00:00,True,2428.9125,1.0,4626.5,4645.7,-13.4875335,-0.005556800167552713,0.0007,0.0007,0.0,exit_signal,300,-0.02,False,1
xau-volatility-15m-1h-risk,early,base,XAU/USDT:USDT,2026-05-03 22:00:00+00:00,2026-05-03 23:00:00+00:00,False,2425.0554,1.0,4645.7,4624.0,-14.71454838,-0.006063471952524939,0.0007,0.0007,0.0,exit_signal,60,-0.02,False,1
xau-volatility-15m-1h-risk,early,base,XAU/USDT:USDT,2026-05-03 23:00:00+00:00,2026-05-05 23:00:00+00:00,True,2418.352,1.0,4624.0,4576.0,21.73588,0.0089941852029985,0.0007,0.0007,0.0,research_timeout_48h,2880,-0.02,False,1
xau-volatility-15m-1h-risk,early,base,XAU/USDT:USDT,2026-05-07 07:00:00+00:00,2026-05-09 07:00:00+00:00,False,2425.6512,1.0,4737.6,4716.2,-14.34504192,-0.005909756281038936,0.0007,0.0007,0.0,research_timeout_48h,2880,-0.02,False,1
xau-volatility-15m-1h-risk,early,base,XAU/USDT:USDT,2026-05-10 21:00:00+00:00,2026-05-11 07:00:00+00:00,True,2423.6642,1.0,4715.3,4682.4,13.52930754,0.005586081062418836,0.0007,0.0007,0.0,exit_signal,600,-0.02,False,1
xau-volatility-15m-1h-risk,early,base,XAU/USDT:USDT,2026-05-11 07:00:00+00:00,2026-05-13 07:00:00+00:00,False,2425.4832,1.0,4682.4,4704.1,7.8370551,0.0032288712611576818,0.0007,0.0007,0.0,research_timeout_48h,2880,-0.02,False,1
xau-volatility-15m-1h-risk,early,base,XAU/USDT:USDT,2026-05-15 06:00:00+00:00,2026-05-17 06:00:00+00:00,True,2428.3672,1.0,4564.6,4534.8,12.46498344,0.005136667568450261,0.0007,0.0007,0.0,research_timeout_48h,2880,-0.02,False,1
xau-volatility-15m-1h-risk,early,base,XAU/USDT:USDT,2026-05-17 23:00:00+00:00,2026-05-18 01:00:00+00:00,False,2430.0204,1.0,4550.6,4519.0,-20.26461648,-0.008333444925474772,0.0007,0.0007,0.0,exit_signal,120,-0.02,False,1
xau-volatility-15m-1h-risk,early,base,XAU/USDT:USDT,2026-05-18 01:00:00+00:00,2026-05-20 01:00:00+00:00,True,2426.703,1.0,4519.0,4506.6,3.26607696,0.0013468334672066418,0.0007,0.0007,0.0,research_timeout_48h,2880,-0.02,False,1
xau-volatility-15m-1h-risk,early,base,XAU/USDT:USDT,2026-05-20 15:00:00+00:00,2026-05-22 15:00:00+00:00,False,2425.7435,1.0,4534.1,4506.1,-18.3655549,-0.0075658073511881705,0.0007,0.0007,0.0,research_timeout_48h,2880,-0.02,False,1
xau-volatility-15m-1h-risk,early,base,XAU/USDT:USDT,2026-05-23 21:00:00+00:00,2026-05-25 21:00:00+00:00,False,2422.491,1.0,4536.5,4576.6,18.00692322,0.007428026436823222,0.0007,0.0007,0.0,research_timeout_48h,2880,-0.02,False,1
xau-volatility-15m-1h-risk,early,base,XAU/USDT:USDT,2026-05-27 11:00:00+00:00,2026-05-28 13:00:00+00:00,True,2424.6624,1.0,4457.1,4439.6,6.13213664,0.002530839816091407,0.0007,0.0007,0.0,exit_signal,1560,-0.02,False,1
xau-volatility-15m-1h-risk,early,base,XAU/USDT:USDT,2026-05-28 13:00:00+00:00,2026-05-30 13:00:00+00:00,False,2428.4612,1.0,4439.6,4541.5,52.30043681,0.021521386511557414,0.0007,0.0007,0.0,research_timeout_48h,2880,-0.02,False,1
xau-volatility-15m-1h-risk,early,base,XAU/USDT:USDT,2026-05-31 06:00:00+00:00,2026-06-01 02:00:00+00:00,False,2442.0612,1.0,4547.6,4528.6,-13.61474358,-0.005571203508762092,0.0007,0.0007,0.0,exit_signal,1200,-0.02,False,1
xau-volatility-15m-1h-risk,early,base,XAU/USDT:USDT,2026-06-01 02:00:00+00:00,2026-06-03 02:00:00+00:00,True,2436.3868,1.0,4528.6,4478.4,23.6155638,0.009699652893535655,0.0007,0.0007,0.0,research_timeout_48h,2880,-0.02,False,1
xau-volatility-15m-1h-risk,early,base,XAU/USDT:USDT,2026-06-04 12:00:00+00:00,2026-06-05 12:52:00+00:00,False,2443.3724,1.0,4516.4,4426.1,-52.23882475,-0.02136484931719526,0.0007,0.0007,0.0,stop_loss,1492,-0.02,False,1
xau-volatility-15m-1h-risk,early,base,XAU/USDT:USDT,2026-06-05 13:00:00+00:00,2026-06-07 13:00:00+00:00,True,2430.2406,1.0,4410.6,4321.7,45.61585189,0.018783245310669085,0.0007,0.0007,0.0,research_timeout_48h,2880,-0.02,False,1
xau-volatility-15m-1h-risk,early,base,XAU/USDT:USDT,2026-06-08 00:00:00+00:00,2026-06-09 16:19:00+00:00,False,2439.3402,1.0,4348.2,4261.3,-52.26936449,-0.021412676070738206,0.0007,0.0007,-0.13751383652591292,stop_loss,2419,-0.02,False,1
xau-volatility-15m-1h-risk,early,base,XAU/USDT:USDT,2026-06-11 18:00:00+00:00,2026-06-13 18:00:00+00:00,False,2427.5128,1.0,4156.7,4225.0,36.46076104,0.015009295259142451,0.0007,0.0007,0.0,research_timeout_48h,2880,-0.02,False,1
xau-volatility-15m-1h-risk,early,base,XAU/USDT:USDT,2026-06-14 22:00:00+00:00,2026-06-16 22:00:00+00:00,False,2437.0608,1.0,4290.6,4336.4,22.5843048,0.009260543210579054,0.0007,0.0007,0.0,research_timeout_48h,2880,-0.02,False,1
xau-volatility-15m-1h-risk,early,base,XAU/USDT:USDT,2026-06-17 19:00:00+00:00,2026-06-19 19:00:00+00:00,True,2441.01,1.0,4290.0,4159.7,72.5326519,0.029735011459283478,0.0007,0.0007,1.7574674058604172,research_timeout_48h,2880,-0.02,False,1
xau-volatility-15m-1h-risk,early,base,XAU/USDT:USDT,2026-06-22 00:00:00+00:00,2026-06-22 01:00:00+00:00,True,2461.7142,1.0,4144.3,4205.2,-39.6463221,-0.016116450059790063,0.0007,0.0007,0.0,exit_signal,60,-0.02,False,1
xau-volatility-15m-1h-risk,early,base,XAU/USDT:USDT,2026-06-22 01:00:00+00:00,2026-06-23 02:00:00+00:00,False,2451.6316,1.0,4205.2,4168.0,-25.10470292,-0.010232835113014345,0.0007,0.0007,0.0,exit_signal,1500,-0.02,False,1
xau-volatility-15m-1h-risk,early,base,XAU/USDT:USDT,2026-06-23 02:00:00+00:00,2026-06-24 14:00:00+00:00,True,2446.616,1.0,4168.0,4044.1,69.49038677,0.02842254939675062,0.0007,0.0007,0.13543865561795887,exit_signal,2160,-0.02,False,1
xau-volatility-15m-1h-risk,early,base,XAU/USDT:USDT,2026-06-24 14:00:00+00:00,2026-06-26 14:00:00+00:00,False,2462.8569,1.0,4044.1,4079.9,14.80422146,0.006006790631632808,0.0007,0.0007,-3.5347173446861904,research_timeout_48h,2880,-0.02,False,1
xau-volatility-15m-1h-risk,early,base,XAU/USDT:USDT,2026-06-28 23:00:00+00:00,2026-06-30 07:00:00+00:00,True,2467.9956,1.0,4072.6,4036.0,19.52307058,0.007916037736214637,0.0007,0.0007,0.7831386966315304,exit_signal,1920,-0.02,False,1
xau-volatility-15m-1h-risk,early,base,XAU/USDT:USDT,2026-06-30 07:00:00+00:00,2026-07-02 07:00:00+00:00,False,2470.032,1.0,4036.0,4079.2,21.34473719,0.00863543724355478,0.0007,0.0007,-1.6171111347508629,research_timeout_48h,2880,-0.02,False,1
xau-volatility-15m-1h-risk,early,base,XAU/USDT:USDT,2026-07-02 13:00:00+00:00,2026-07-04 13:00:00+00:00,False,2477.2619,1.0,4121.9,4177.1,29.6838107,0.011974126178343444,0.0007,0.0007,0.0,research_timeout_48h,2880,-0.02,False,1
xau-volatility-15m-1h-risk,early,base,XAU/USDT:USDT,2026-07-05 23:00:00+00:00,2026-07-07 19:11:00+00:00,False,2482.256,1.0,4193.0,4109.2,-53.13377416,-0.02139046356839311,0.0007,0.0007,-0.08374247780828178,stop_loss,2651,-0.02,False,1
xau-volatility-15m-1h-risk,early,base,XAU/USDT:USDT,2026-07-08 09:00:00+00:00,2026-07-10 00:00:00+00:00,True,2469.4528,1.0,4061.6,4127.3,-43.28099511,-0.01753883007163384,0.0007,0.0007,0.14980073464621846,force_exit,2340,-0.02,False,1
xau-volatility-15m-1h-risk,late,base,XAU/USDT:USDT,2026-07-12 22:00:00+00:00,2026-07-14 13:00:00+00:00,True,2474.109,1.0,4103.0,4081.6,10.4735903,0.004236243006619435,0.0007,0.0007,1.0241099601890542,exit_signal,2340,-0.02,False,1
xau-volatility-15m-1h-risk,late,base,XAU/USDT:USDT,2026-07-14 13:00:00+00:00,2026-07-16 12:58:00+00:00,False,2477.5312,1.0,4081.6,4000.0,-54.88950652,-0.022139422802215473,0.0007,0.0007,-1.9244346816164308,stop_loss,2878,-0.02,False,1
xau-volatility-15m-1h-risk,late,base,XAU/USDT:USDT,2026-07-16 13:00:00+00:00,2026-07-18 13:00:00+00:00,True,2460.3075,1.0,4000.5,4022.0,-13.49781998,-0.0054900759651185,0.0007,0.0007,3.1783662726932693,research_timeout_48h,2880,-0.02,False,1
xau-volatility-15m-1h-risk,late,base,XAU/USDT:USDT,2026-07-19 23:00:00+00:00,2026-07-20 01:00:00+00:00,True,2457.2894,1.0,4002.1,4015.1,-11.42779256,-0.004653826129853827,0.0007,0.0007,0.0,exit_signal,120,-0.02,False,1
xau-volatility-15m-1h-risk,late,base,XAU/USDT:USDT,2026-07-20 01:00:00+00:00,2026-07-22 01:00:00+00:00,False,2457.2412,1.0,4015.1,4102.0,48.92189602,0.019895350382268775,0.0007,0.0007,-0.7835383428646432,research_timeout_48h,2880,-0.02,False,1
xau-volatility-15m-1h-risk,late,base,XAU/USDT:USDT,2026-07-22 02:00:00+00:00,2026-07-24 02:00:00+00:00,False,2467.2284,1.0,4125.8,4050.1,-49.32390466,-0.019977640529164228,0.0007,0.0007,-0.6328729207108753,research_timeout_48h,2880,-0.02,False,1
xau-volatility-15m-1h-risk,late,base,XAU/USDT:USDT,2026-07-26 22:00:00+00:00,2026-07-27 03:00:00+00:00,False,2456.7018,1.0,4080.9,4099.4,7.68982158,0.003127950844612403,0.0007,0.0007,0.0,exit_signal,300,-0.02,False,1
xau-volatility-15m-1h-risk,late,base,XAU/USDT:USDT,2026-07-27 03:00:00+00:00,2026-07-29 03:00:00+00:00,True,2459.64,1.0,4099.4,4036.5,34.51505715,0.014042394258602868,0.0007,0.0007,0.1921351500443881,research_timeout_48h,2880,-0.02,False,1
xau-volatility-15m-1h-risk,late,base,XAU/USDT:USDT,2026-07-29 19:00:00+00:00,2026-07-29 20:00:00+00:00,False,2466.84,1.0,4111.4,4051.9,-39.128586,-0.015850730144393404,0.0007,0.0007,0.0,exit_signal,60,-0.02,False,1
xau-volatility-15m-1h-risk,late,base,XAU/USDT:USDT,2026-07-29 20:00:00+00:00,2026-07-30 14:00:00+00:00,True,2455.4514,1.0,4051.9,4117.7,-42.87486882,-0.01747332578098516,0.0007,0.0007,0.465475496398738,exit_signal,1080,-0.02,False,1
xau-volatility-15m-1h-risk,late,base,XAU/USDT:USDT,2026-07-30 14:00:00+00:00,2026-07-31 13:40:00+00:00,False,2445.9138,1.0,4117.7,4035.4,-52.56729014,-0.021476847948139546,0.0007,0.0007,-0.2910311646882288,stop_loss,1420,-0.02,False,1
xau-volatility-15m-1h-risk,late,base,XAU/USDT:USDT,2026-08-01 20:00:00+00:00,2026-08-02 23:00:00+00:00,False,2434.56,1.0,4057.6,4070.2,4.146324,0.0017019188697249463,0.0007,0.0007,0.0,exit_signal,1620,-0.02,False,1
xau-volatility-15m-1h-risk,late,base,XAU/USDT:USDT,2026-08-02 23:00:00+00:00,2026-08-04 23:00:00+00:00,True,2433.9796,1.0,4070.2,4083.4,-10.24897225,-0.004213737681322088,0.0007,0.0007,1.0577247140371266,research_timeout_48h,2880,-0.02,False,1
xau-volatility-15m-1h-risk,late,base,XAU/USDT:USDT,2026-08-05 03:00:00+00:00,2026-08-07 03:00:00+00:00,False,2431.2036,1.0,4134.7,4254.7,67.10692296,0.027583037871990103,0.0007,0.0007,0.0,research_timeout_48h,2880,-0.02,False,1
xau-volatility-15m-1h-risk,late,base,XAU/USDT:USDT,2026-08-09 22:00:00+00:00,2026-08-10 15:00:00+00:00,True,2449.5567,1.0,4350.9,4346.7,-1.07950358,-0.00044100214615701,0.0007,0.0007,-0.016379421933520034,exit_signal,1020,-0.02,False,1
xau-volatility-15m-1h-risk,late,base,XAU/USDT:USDT,2026-08-10 15:00:00+00:00,2026-08-12 15:00:00+00:00,False,2447.1921,1.0,4346.7,4423.6,40.35340065,0.01647813959062706,0.0007,0.0007,0.515075875845353,research_timeout_48h,2880,-0.02,False,1
xau-volatility-15m-1h-risk,late,base,XAU/USDT:USDT,2026-08-16 23:00:00+00:00,2026-08-17 00:00:00+00:00,False,2458.848,1.0,4390.8,4374.8,-12.3961152,-0.005037905551383231,0.0007,0.0007,0.0,exit_signal,60,-0.02,False,1
xau-volatility-15m-1h-risk,late,base,XAU/USDT:USDT,2026-08-17 00:00:00+00:00,2026-08-17 01:00:00+00:00,True,2454.2628,1.0,4374.8,4404.0,-19.82863476,-0.008084922497773676,0.0007,0.0007,0.0,exit_signal,60,-0.02,False,1
xau-volatility-15m-1h-risk,late,base,XAU/USDT:USDT,2026-08-17 01:00:00+00:00,2026-08-18 02:00:00+00:00,False,2448.624,1.0,4404.0,4410.4,0.12783552,5.217056507311368e-05,0.0007,0.0007,0.0,exit_signal,1500,-0.02,False,1
xau-volatility-15m-1h-risk,late,base,XAU/USDT:USDT,2026-08-18 02:00:00+00:00,2026-08-19 13:00:00+00:00,True,2447.772,1.0,4410.4,4441.5,-20.12249659,-0.008226498303168425,0.0007,0.0007,0.5769665626992476,exit_signal,2100,-0.02,False,1
xau-volatility-15m-1h-risk,late,base,XAU/USDT:USDT,2026-08-19 13:00:00+00:00,2026-08-21 13:00:00+00:00,False,2442.825,1.0,4441.5,4579.0,72.1521075,0.02951567809996697,0.0007,0.0007,0.0,research_timeout_48h,2880,-0.02,False,1
xau-volatility-15m-1h-risk,late,base,XAU/USDT:USDT,2026-08-23 23:00:00+00:00,2026-08-24 00:00:00+00:00,True,2460.939,1.0,4608.5,4626.9,-13.27779252,-0.005399196601557295,0.0007,0.0007,0.0,exit_signal,60,-0.02,False,1
xau-volatility-15m-1h-risk,late,base,XAU/USDT:USDT,2026-08-24 00:00:00+00:00,2026-08-26 00:00:00+00:00,False,2456.8839,1.0,4626.9,4656.5,12.26696022,0.004989401149338756,0.0007,0.0007,0.0,research_timeout_48h,2880,-0.02,False,1
xau-volatility-15m-1h-risk,late,base,XAU/USDT:USDT,2026-08-27 02:00:00+00:00,2026-08-28 14:13:00+00:00,False,2460.366,1.0,4642.2,4549.4,-52.93232569,-0.02149895543212412,0.0007,0.0007,-0.338242093744994,stop_loss,2173,-0.02,False,1
xau-volatility-15m-1h-risk,late,base,XAU/USDT:USDT,2026-08-28 16:00:00+00:00,2026-08-30 16:00:00+00:00,True,2450.0267,1.0,4528.7,4481.3,23.60308181,0.009640554342072522,0.0007,0.0007,1.371768807924087,research_timeout_48h,2880,-0.02,False,1
xau-volatility-15m-1h-risk,late,base,XAU/USDT:USDT,2026-09-01 09:00:00+00:00,2026-09-02 14:00:00+00:00,True,2456.1702,1.0,4378.2,4389.5,-5.9856404,-0.002438688199742147,0.0007,0.0007,3.7967353860647894,exit_signal,1740,-0.02,False,1
xau-volatility-15m-1h-risk,late,base,XAU/USDT:USDT,2026-09-02 14:00:00+00:00,2026-09-04 13:00:00+00:00,False,2453.7305,1.0,4389.5,4396.8,-0.23014108,-9.372671282940242e-05,0.0007,0.0007,-0.8727618880392274,exit_signal,2820,-0.02,False,1
xau-volatility-15m-1h-risk,late,base,XAU/USDT:USDT,2026-09-04 13:00:00+00:00,2026-09-06 13:00:00+00:00,True,2453.4144,1.0,4396.8,4433.3,-23.75344461,-0.00968857265554812,0.0007,0.0007,0.062592451123721,research_timeout_48h,2880,-0.02,False,1
xau-volatility-15m-1h-session,early,base,XAU/USDT:USDT,2026-03-13 15:00:00+00:00,2026-03-15 15:00:00+00:00,True,2470.578,1.0,5021.5,4984.1,14.95487136,0.0060574274938787935,0.0007,0.0007,0.0,research_timeout_48h,2880,-0.02,False,1
xau-volatility-15m-1h-session,early,base,XAU/USDT:USDT,2026-03-18 12:00:00+00:00,2026-03-20 12:00:00+00:00,True,2476.2656,1.0,4932.8,4674.0,126.54177048,0.0511376533148293,0.0007,0.0007,0.0,research_timeout_48h,2880,-0.02,False,1
xau-volatility-15m-1h-session,early,base,XAU/USDT:USDT,2026-03-27 15:00:00+00:00,2026-03-29 15:00:00+00:00,False,2498.7616,1.0,4510.4,4507.2,-5.26982528,-0.0021074995640688976,0.0007,0.0007,0.0,research_timeout_48h,2880,-0.02,False,1
xau-volatility-15m-1h-session,early,base,XAU/USDT:USDT,2026-03-30 14:00:00+00:00,2026-03-31 01:43:00+00:00,True,2496.2544,1.0,4522.2,4612.6,-53.43048672,-0.02141925689143782,0.0007,0.0007,0.0,stop_loss,703,-0.02,False,1
xau-volatility-15m-1h-session,early,base,XAU/USDT:USDT,2026-04-17 13:00:00+00:00,2026-04-19 13:00:00+00:00,False,2492.796,1.0,4831.0,4795.5,-21.7950918,-0.008737115234405261,0.0007,0.0007,0.0,research_timeout_48h,2880,-0.02,False,1
xau-volatility-15m-1h-session,early,base,XAU/USDT:USDT,2026-04-21 15:00:00+00:00,2026-04-23 15:00:00+00:00,True,2489.5054,1.0,4732.9,4726.3,-0.01127744,-4.533165398161607e-06,0.0007,0.0007,0.0,research_timeout_48h,2880,-0.02,False,1
xau-volatility-15m-1h-session,early,base,XAU/USDT:USDT,2026-04-28 12:00:00+00:00,2026-04-30 12:00:00+00:00,True,2489.0695,1.0,4567.1,4627.3,-36.3166636,-0.01460067831458724,0.0007,0.0007,0.0,research_timeout_48h,2880,-0.02,False,1
xau-volatility-15m-1h-session,early,base,XAU/USDT:USDT,2026-05-01 14:00:00+00:00,2026-05-03 14:00:00+00:00,False,2477.371,1.0,4630.6,4624.7,-6.62260985,-0.0026713710889139574,0.0007,0.0007,0.0,research_timeout_48h,2880,-0.02,False,1
xau-volatility-15m-1h-session,early,base,XAU/USDT:USDT,2026-05-07 07:00:00+00:00,2026-05-09 07:00:00+00:00,False,2477.7648,1.0,4737.6,4716.2,-14.65323618,-0.005909756281038936,0.0007,0.0007,0.0,research_timeout_48h,2880,-0.02,False,1
xau-volatility-15m-1h-session,early,base,XAU/USDT:USDT,2026-05-11 07:00:00+00:00,2026-05-13 07:00:00+00:00,False,2472.3072,1.0,4682.4,4704.1,7.9883496,0.0032288712611576818,0.0007,0.0007,0.0,research_timeout_48h,2880,-0.02,False,1
xau-volatility-15m-1h-session,early,base,XAU/USDT:USDT,2026-05-19 14:00:00+00:00,2026-05-20 15:00:00+00:00,True,2476.3743,1.0,4510.7,4534.1,-16.32251664,-0.006595913390509544,0.0007,0.0007,0.0,exit_signal,1500,-0.02,False,1
xau-volatility-15m-1h-session,early,base,XAU/USDT:USDT,2026-05-20 15:00:00+00:00,2026-05-22 15:00:00+00:00,False,2471.0845,1.0,4534.1,4506.1,-18.7088363,-0.007565807351188171,0.0007,0.0007,0.0,research_timeout_48h,2880,-0.02,False,1
xau-volatility-15m-1h-session,early,base,XAU/USDT:USDT,2026-05-28 13:00:00+00:00,2026-05-30 13:00:00+00:00,False,2468.4176,1.0,4439.6,4541.5,53.16095588,0.021521386511557418,0.0007,0.0007,0.0,research_timeout_48h,2880,-0.02,False,1
xau-volatility-15m-1h-session,early,base,XAU/USDT:USDT,2026-06-01 14:00:00+00:00,2026-06-03 14:00:00+00:00,True,2478.4812,1.0,4457.7,4450.9,0.31357288,0.00012660678433806238,0.0007,0.0007,0.0,research_timeout_48h,2880,-0.02,False,1
xau-volatility-15m-1h-session,early,base,XAU/USDT:USDT,2026-06-04 12:00:00+00:00,2026-06-05 12:52:00+00:00,False,2479.5036,1.0,4516.4,4426.1,-53.01130275,-0.02136484931719526,0.0007,0.0007,0.0,stop_loss,1492,-0.02,False,1
xau-volatility-15m-1h-session,early,base,XAU/USDT:USDT,2026-06-05 13:00:00+00:00,2026-06-07 13:00:00+00:00,True,2465.5254,1.0,4410.6,4321.7,46.27815101,0.018783245310669085,0.0007,0.0007,0.0,research_timeout_48h,2880,-0.02,False,1
xau-volatility-15m-1h-session,early,base,XAU/USDT:USDT,2026-06-24 13:00:00+00:00,2026-06-24 14:00:00+00:00,True,2478.388,1.0,3997.4,4044.1,-32.444011,-0.01309994146049831,0.0007,0.0007,0.0,exit_signal,60,-0.02,False,1
xau-volatility-15m-1h-session,early,base,XAU/USDT:USDT,2026-06-24 14:00:00+00:00,2026-06-26 14:00:00+00:00,False,2470.9451,1.0,4044.1,4079.9,14.85283959,0.006006790630470681,0.0007,0.0007,-3.5463256118280166,research_timeout_48h,2880,-0.02,False,1
xau-volatility-15m-1h-session,early,base,XAU/USDT:USDT,2026-06-30 07:00:00+00:00,2026-07-02 07:00:00+00:00,False,2474.068,1.0,4036.0,4079.2,21.37961421,0.008635437242927795,0.0007,0.0007,-1.6197534732063381,research_timeout_48h,2880,-0.02,False,1
xau-volatility-15m-1h-session,early,base,XAU/USDT:USDT,2026-07-02 13:00:00+00:00,2026-07-04 13:00:00+00:00,False,2481.3838,1.0,4121.9,4177.1,29.7332014,0.011974126178343442,0.0007,0.0007,0.0,research_timeout_48h,2880,-0.02,False,1
xau-volatility-15m-1h-session,early,base,XAU/USDT:USDT,2026-07-08 09:00:00+00:00,2026-07-10 00:00:00+00:00,True,2485.6992,1.0,4061.6,4127.3,-43.56573849,-0.017538830068058266,0.0007,0.0007,0.15078626579520674,force_exit,2340,-0.02,False,1
xau-volatility-15m-1h-session,late,base,XAU/USDT:USDT,2026-07-13 15:00:00+00:00,2026-07-14 12:32:00+00:00,True,2473.9605,1.0,4022.7,4103.1,-52.13627667,-0.021088775519390805,0.0007,0.0007,0.8078802311254536,stop_loss,1292,-0.02,False,1
xau-volatility-15m-1h-session,late,base,XAU/USDT:USDT,2026-07-14 13:00:00+00:00,2026-07-16 12:58:00+00:00,False,2461.2048,1.0,4081.6,4000.0,-54.52779643,-0.022139422803185378,0.0007,0.0007,-1.9117530692169817,stop_loss,2878,-0.02,False,1
xau-volatility-15m-1h-session,late,base,XAU/USDT:USDT,2026-07-16 13:00:00+00:00,2026-07-18 13:00:00+00:00,True,2448.306,1.0,4000.5,4022.0,-13.43197695,-0.005490075962785738,0.0007,0.0007,3.162862046972814,research_timeout_48h,2880,-0.02,False,1
xau-volatility-15m-1h-session,late,base,XAU/USDT:USDT,2026-07-22 14:00:00+00:00,2026-07-23 12:30:00+00:00,False,2444.1396,1.0,4156.7,4073.6,-52.25039148,-0.021362872149670368,0.0007,0.0007,0.0,stop_loss,1350,-0.02,False,1
xau-volatility-15m-1h-session,late,base,XAU/USDT:USDT,2026-07-28 10:00:00+00:00,2026-07-29 18:54:00+00:00,True,2429.6076,1.0,4029.2,4109.7,-51.3030099,-0.021130550942882347,0.0007,0.0007,0.6739197862472373,stop_loss,1974,-0.02,False,1
xau-volatility-15m-1h-session,late,base,XAU/USDT:USDT,2026-07-30 14:00:00+00:00,2026-07-31 13:40:00+00:00,False,2417.0899,1.0,4117.7,4035.4,-51.94781029,-0.021476847948195227,0.0007,0.0007,-0.2876015044983002,stop_loss,1420,-0.02,False,1
xau-volatility-15m-1h-session,late,base,XAU/USDT:USDT,2026-08-05 15:00:00+00:00,2026-08-07 15:00:00+00:00,False,2402.67,1.0,4245.0,4339.5,50.0858211,0.020831319136675,0.0007,0.0007,0.0,research_timeout_48h,2880,-0.02,False,1
xau-volatility-15m-1h-session,late,base,XAU/USDT:USDT,2026-08-10 15:00:00+00:00,2026-08-12 15:00:00+00:00,False,2416.7652,1.0,4346.7,4423.6,39.85167098,0.01647813959087677,0.0007,0.0007,0.5086717352931017,research_timeout_48h,2880,-0.02,False,1
xau-volatility-15m-1h-session,late,base,XAU/USDT:USDT,2026-08-17 14:00:00+00:00,2026-08-18 02:00:00+00:00,False,2426.49,1.0,4411.8,4410.4,-4.166547,-0.0017159075278611918,0.0007,0.0007,0.0,exit_signal,720,-0.02,False,1
xau-volatility-15m-1h-session,late,base,XAU/USDT:USDT,2026-08-18 15:00:00+00:00,2026-08-19 13:00:00+00:00,True,2425.9605,1.0,4371.1,4441.5,-41.91872854,-0.017291333558210522,0.0007,0.0007,0.5769665626992476,exit_signal,1320,-0.02,False,1
xau-volatility-15m-1h-session,late,base,XAU/USDT:USDT,2026-08-19 13:00:00+00:00,2026-08-21 13:00:00+00:00,False,2416.176,1.0,4441.5,4579.0,71.3649936,0.029515678099966972,0.0007,0.0007,0.0,research_timeout_48h,2880,-0.02,False,1
xau-volatility-15m-1h-session,late,base,XAU/USDT:USDT,2026-08-28 07:00:00+00:00,2026-08-28 16:00:00+00:00,False,2431.6834,1.0,4614.2,4528.7,-48.81938612,-0.020062330669560792,0.0007,0.0007,-0.38807031142817794,exit_signal,540,-0.02,False,1
xau-volatility-15m-1h-session,late,base,XAU/USDT:USDT,2026-09-01 09:00:00+00:00,2026-09-02 14:00:00+00:00,True,2421.1446,1.0,4378.2,4389.5,-5.90028368,-0.002438688202158689,0.0007,0.0007,3.7425929919676086,exit_signal,1740,-0.02,False,1
xau-volatility-15m-1h-session,late,base,XAU/USDT:USDT,2026-09-02 14:00:00+00:00,2026-09-04 13:00:00+00:00,False,2418.6145,1.0,4389.5,4396.8,-0.22684747,-9.37267133098334e-05,0.0007,0.0007,-0.8602715569044979,exit_signal,2820,-0.02,False,1
xau-volatility-15m-1h-session,late,base,XAU/USDT:USDT,2026-09-04 13:00:00+00:00,2026-09-06 13:00:00+00:00,True,2418.24,1.0,4396.8,4433.3,-23.41289343,-0.009688572654391223,0.0007,0.0007,0.06169506831191138,research_timeout_48h,2880,-0.02,False,1
