run,pair,open_date,close_date,is_short,leverage,stake_amount,max_stake_amount,open_rate,close_rate,amount,profit_abs,profit_ratio,fee_open,fee_close,funding_fees,initial_stop_loss_ratio,trade_duration,exit_reason,is_open,entry_orders
btc-freinforced-5m-risk_early_base,BTC/USDT:USDT,2026-03-18 01:35:00+00:00,2026-03-18 02:00:00+00:00,False,1.0,2467.92627,2467.92627,74111.9,74036.8,0.0333,-5.9541762,-0.002410935555285241,0.0007,0.0007,0.0,-0.02,25,exit_signal,False,1
btc-freinforced-5m-risk_early_base,BTC/USDT:USDT,2026-03-19 14:20:00+00:00,2026-03-19 14:55:00+00:00,True,1.0,2470.52964,2470.52964,69396.9,69469.1,0.0356,-6.03086072,-0.002442830550171334,0.0007,0.0007,0.0,-0.02,35,exit_signal,False,1
btc-freinforced-5m-risk_early_base,BTC/USDT:USDT,2026-03-21 18:40:00+00:00,2026-03-21 19:05:00+00:00,False,1.0,2465.925,2465.925,70455.0,70400.7,0.035,-5.35146465,-0.002168647158826164,0.0007,0.0007,0.0,-0.02,25,exit_signal,False,1
btc-freinforced-5m-risk_early_base,BTC/USDT:USDT,2026-03-23 06:40:00+00:00,2026-03-23 08:05:00+00:00,True,1.0,2464.496,2464.496,68080.0,68414.0,0.0362,-15.54955796,-0.006313846837321966,0.0007,0.0007,0.0,-0.02,85,exit_signal,False,1
btc-freinforced-5m-risk_early_base,BTC/USDT:USDT,2026-03-25 16:35:00+00:00,2026-03-25 17:00:00+00:00,False,1.0,2462.7825,2462.7825,71385.0,71290.0,0.0345,-6.72310125,-0.0027279706474851928,0.0007,0.0007,0.0,-0.02,25,exit_signal,False,1
btc-freinforced-5m-risk_early_base,BTC/USDT:USDT,2026-03-28 01:25:00+00:00,2026-03-28 01:30:00+00:00,True,1.0,2464.70088,2464.70088,66255.4,66185.0,0.0372,-0.82986802,-0.0003369371680242894,0.0007,0.0007,0.0,-0.02,5,exit_signal,False,1
btc-freinforced-5m-risk_early_base,BTC/USDT:USDT,2026-03-31 14:55:00+00:00,2026-03-31 15:10:00+00:00,True,1.0,2462.5757,2462.5757,66556.1,66898.2,0.037,-16.11416637,-0.006548206492873113,0.0007,0.0007,0.0,-0.02,15,exit_signal,False,1
btc-freinforced-5m-risk_early_base,BTC/USDT:USDT,2026-04-01 03:20:00+00:00,2026-04-01 03:30:00+00:00,False,1.0,2460.13028,2460.13028,67959.4,67936.2,0.0362,-4.2834345,-0.0017399233805067895,0.0007,0.0007,0.0,-0.02,10,exit_signal,False,1
btc-freinforced-5m-risk_early_base,BTC/USDT:USDT,2026-04-03 09:10:00+00:00,2026-04-03 09:20:00+00:00,True,1.0,2453.85742,2453.85742,66862.6,66866.9,0.0367,-3.59332086,-0.0014653817769748798,0.0007,0.0007,0.0,-0.02,10,exit_signal,False,1
btc-freinforced-5m-risk_early_base,BTC/USDT:USDT,2026-04-03 12:45:00+00:00,2026-04-03 13:00:00+00:00,True,1.0,2452.92524,2452.92524,66837.2,66697.4,0.0367,1.70015613,0.0006935992362127863,0.0007,0.0007,0.0,-0.02,15,exit_signal,False,1
btc-freinforced-5m-risk_early_base,BTC/USDT:USDT,2026-04-07 19:00:00+00:00,2026-04-07 19:05:00+00:00,True,1.0,2456.04106,2456.04106,68413.4,68418.4,0.0359,-3.61808313,-0.0014741681730246012,0.0007,0.0007,0.0,-0.02,5,exit_signal,False,1
btc-freinforced-5m-risk_early_base,BTC/USDT:USDT,2026-04-11 01:50:00+00:00,2026-04-11 01:55:00+00:00,False,1.0,2458.20606,2458.20606,72943.8,72917.5,0.0337,-4.32717807,-0.0017590678155699735,0.0007,0.0007,0.0,-0.02,5,exit_signal,False,1
btc-freinforced-5m-risk_early_base,BTC/USDT:USDT,2026-04-12 16:20:00+00:00,2026-04-12 16:35:00+00:00,True,1.0,2451.237,2451.237,70845.0,70901.9,0.0346,-5.40184992,-0.0022052677336808287,0.0007,0.0007,0.0,-0.02,15,exit_signal,False,1
btc-freinforced-5m-risk_early_base,BTC/USDT:USDT,2026-04-12 16:50:00+00:00,2026-04-12 17:05:00+00:00,True,1.0,2450.63842,2450.63842,70827.7,70933.5,0.0346,-7.09413626,-0.0028968392791066094,0.0007,0.0007,0.0,-0.02,15,exit_signal,False,1
btc-freinforced-5m-risk_early_base,BTC/USDT:USDT,2026-04-14 00:40:00+00:00,2026-04-14 01:00:00+00:00,False,1.0,2453.8668,2453.8668,74359.6,74138.1,0.033,-10.73979687,-0.004373621368124094,0.0007,0.0007,0.0,-0.02,20,exit_signal,False,1
btc-freinforced-5m-risk_early_base,BTC/USDT:USDT,2026-04-15 08:30:00+00:00,2026-04-15 08:40:00+00:00,False,1.0,2448.17199,2448.17199,73962.9,74065.1,0.0331,-0.04698876,-1.91799804377251e-05,0.0007,0.0007,0.0,-0.02,10,exit_signal,False,1
btc-freinforced-5m-risk_early_base,BTC/USDT:USDT,2026-04-16 13:55:00+00:00,2026-04-16 15:15:00+00:00,True,1.0,2451.2093,2451.2093,73389.5,74270.1,0.0334,-32.86432145,-0.013416782724271187,0.0007,0.0007,0.0,-0.02,80,exit_signal,False,1
btc-freinforced-5m-risk_early_base,BTC/USDT:USDT,2026-04-22 07:45:00+00:00,2026-04-22 08:50:00+00:00,False,1.0,2442.3703,2442.3703,78031.0,77921.8,0.0313,-6.83488585,-0.002796506646292063,0.0007,0.0007,0.0,-0.02,65,exit_signal,False,1
btc-freinforced-5m-risk_early_base,BTC/USDT:USDT,2026-04-23 00:45:00+00:00,2026-04-23 04:50:00+00:00,False,1.0,2438.04718,2438.04718,78393.8,77832.0,0.0311,-20.87301567,-0.008555377824827098,0.0007,0.0007,0.0,-0.02,245,exit_signal,False,1
btc-freinforced-5m-risk_early_base,BTC/USDT:USDT,2026-04-25 11:30:00+00:00,2026-04-25 12:15:00+00:00,True,1.0,2429.93481,2429.93481,77633.7,77650.5,0.0313,-3.92811682,-0.0016176847262414952,0.0007,0.0007,0.0,-0.02,45,exit_signal,False,1
btc-freinforced-5m-risk_early_base,BTC/USDT:USDT,2026-04-25 19:30:00+00:00,2026-04-25 20:05:00+00:00,True,1.0,2432.3166,2432.3166,77216.4,77280.0,0.0315,-5.41004562,-0.0022257938397958962,0.0007,0.0007,0.0,-0.02,35,exit_signal,False,1
btc-freinforced-5m-risk_early_base,BTC/USDT:USDT,2026-04-28 01:35:00+00:00,2026-04-28 01:40:00+00:00,True,1.0,2427.59475,2427.59475,77066.5,77157.2,0.0315,-6.25768259,-0.00257953517003831,0.0007,0.0007,0.0,-0.02,5,exit_signal,False,1
btc-freinforced-5m-risk_early_base,BTC/USDT:USDT,2026-04-28 21:45:00+00:00,2026-04-28 21:55:00+00:00,True,1.0,2425.81848,2425.81848,76283.6,76265.4,0.0318,-2.81698074,-0.0011620630443071997,0.0007,0.0007,0.0,-0.02,10,exit_signal,False,1
btc-freinforced-5m-risk_early_base,BTC/USDT:USDT,2026-04-29 18:10:00+00:00,2026-04-29 19:05:00+00:00,True,1.0,2429.54964,2429.54964,74986.1,75484.6,0.0324,-19.56407548,-0.008058193009774504,0.0007,0.0007,0.0,-0.02,55,exit_signal,False,1
btc-freinforced-5m-risk_early_base,BTC/USDT:USDT,2026-05-02 17:40:00+00:00,2026-05-02 18:00:00+00:00,False,1.0,2423.58897,2423.58897,78433.3,78359.3,0.0309,-5.67802394,-0.002341177556822901,0.0007,0.0007,0.0,-0.02,20,exit_signal,False,1
btc-freinforced-5m-risk_early_base,BTC/USDT:USDT,2026-05-03 04:30:00+00:00,2026-05-03 04:35:00+00:00,False,1.0,2423.5211,2423.5211,78178.1,78167.6,0.031,-3.71820169,-0.0015331414979062393,0.0007,0.0007,0.0,-0.02,5,exit_signal,False,1
btc-freinforced-5m-risk_early_base,BTC/USDT:USDT,2026-05-03 22:05:00+00:00,2026-05-03 23:50:00+00:00,False,1.0,2419.65828,2419.65828,79073.8,78546.1,0.0306,-19.52383826,-0.008063196896219062,0.0007,0.0007,0.0,-0.02,105,exit_signal,False,1
btc-freinforced-5m-risk_early_base,BTC/USDT:USDT,2026-05-05 07:05:00+00:00,2026-05-05 08:00:00+00:00,False,1.0,2419.19106,2419.19106,80909.4,80821.8,0.0299,-6.00427402,-0.0024801984710633995,0.0007,0.0007,0.0,-0.02,55,exit_signal,False,1
btc-freinforced-5m-risk_early_base,BTC/USDT:USDT,2026-05-07 02:00:00+00:00,2026-05-07 03:05:00+00:00,True,1.0,2417.73658,2417.73658,81132.1,81021.2,0.0298,-0.07769784,-3.2159114119293606e-05,0.0007,0.0007,0.0,-0.02,65,exit_signal,False,1
btc-freinforced-5m-risk_early_base,BTC/USDT:USDT,2026-05-08 12:55:00+00:00,2026-05-08 13:10:00+00:00,True,1.0,2418.2952,2418.2952,80076.0,79861.8,0.0302,3.08775491,0.00127772566909811,0.0007,0.0007,0.0,-0.02,15,exit_signal,False,1
btc-freinforced-5m-risk_early_base,BTC/USDT:USDT,2026-05-10 22:15:00+00:00,2026-05-11 01:30:00+00:00,False,1.0,2413.90611,2413.90611,81276.3,81590.5,0.0297,5.94573923,0.0024613965304198433,0.0007,0.0007,0.0,-0.02,195,exit_signal,False,1
btc-freinforced-5m-risk_early_base,BTC/USDT:USDT,2026-05-11 05:20:00+00:00,2026-05-11 05:25:00+00:00,False,1.0,2417.70503,2417.70503,80859.7,80892.0,0.0299,-2.41969308,-0.0010001222025270119,0.0007,0.0007,0.0,-0.02,5,exit_signal,False,1
btc-freinforced-5m-risk_early_base,BTC/USDT:USDT,2026-05-13 21:15:00+00:00,2026-05-13 21:35:00+00:00,True,1.0,2414.16432,2414.16432,79413.3,79412.9,0.0304,-3.36766154,-0.0013959366918272038,0.0007,0.0007,0.0,-0.02,20,exit_signal,False,1
btc-freinforced-5m-risk_early_base,BTC/USDT:USDT,2026-05-15 07:15:00+00:00,2026-05-15 07:40:00+00:00,False,1.0,2414.0662,2414.0662,80738.0,80766.9,0.0299,-2.51618756,-0.001041573532978282,0.0007,0.0007,0.0,-0.02,25,exit_signal,False,1
btc-freinforced-5m-risk_early_base,BTC/USDT:USDT,2026-05-17 22:10:00+00:00,2026-05-18 03:30:00+00:00,True,1.0,2412.77397,2412.77397,78083.3,76930.1,0.0309,32.28094016,0.013388553195827456,0.0007,0.0007,0.0,-0.02,320,exit_signal,False,1
btc-freinforced-5m-risk_early_base,BTC/USDT:USDT,2026-05-23 17:20:00+00:00,2026-05-23 17:40:00+00:00,True,1.0,2420.96595,2420.96595,75419.5,75425.4,0.0321,-3.5788749,-0.0014793193879108935,0.0007,0.0007,0.0,-0.02,20,exit_signal,False,1
btc-freinforced-5m-risk_early_base,BTC/USDT:USDT,2026-05-24 16:20:00+00:00,2026-05-24 16:55:00+00:00,False,1.0,2421.43216,2421.43216,76627.6,76600.9,0.0316,-4.23313442,-0.001746971634625897,0.0007,0.0007,0.0,-0.02,35,exit_signal,False,1
btc-freinforced-5m-risk_early_base,BTC/USDT:USDT,2026-05-28 19:35:00+00:00,2026-05-28 19:45:00+00:00,True,1.0,2423.8599,2423.8599,73450.3,73403.6,0.033,-1.85122509,-0.000764285862932387,0.0007,0.0007,0.0,-0.02,10,exit_signal,False,1
btc-freinforced-5m-risk_early_base,BTC/USDT:USDT,2026-05-29 07:40:00+00:00,2026-05-29 08:10:00+00:00,True,1.0,2424.0315,2424.0315,73455.5,73668.2,0.033,-10.41765747,-0.004300668097117105,0.0007,0.0007,0.0,-0.02,30,exit_signal,False,1
btc-freinforced-5m-risk_early_base,BTC/USDT:USDT,2026-05-30 05:30:00+00:00,2026-05-30 05:40:00+00:00,False,1.0,2417.37027,2417.37027,73476.3,73531.8,0.0329,-1.55964654,-0.0006447318271661462,0.0007,0.0007,0.0,-0.02,10,exit_signal,False,1
btc-freinforced-5m-risk_early_base,BTC/USDT:USDT,2026-05-31 23:35:00+00:00,2026-05-31 23:50:00+00:00,True,1.0,2416.10048,2416.10048,73661.6,73634.5,0.0328,-2.49303846,-0.0010325666626938284,0.0007,0.0007,0.0,-0.02,15,exit_signal,False,1
btc-freinforced-5m-risk_early_base,BTC/USDT:USDT,2026-06-01 10:00:00+00:00,2026-06-01 11:45:00+00:00,True,1.0,2419.04164,2419.04164,72862.7,72684.9,0.0332,2.52043378,0.0010426440280389992,0.0007,0.0007,0.0,-0.02,105,exit_signal,False,1
btc-freinforced-5m-risk_early_base,BTC/USDT:USDT,2026-06-07 14:30:00+00:00,2026-06-07 14:50:00+00:00,False,1.0,2420.0982,2420.0982,62053.8,61768.0,0.039,-14.52653514,-0.005998258119618907,0.0007,0.0007,0.0,-0.02,20,exit_signal,False,1
btc-freinforced-5m-risk_early_base,BTC/USDT:USDT,2026-06-12 08:15:00+00:00,2026-06-12 11:35:00+00:00,False,1.0,2416.76502,2416.76502,63266.1,63707.1,0.0382,13.45093663,0.005561785051286245,0.0007,0.0007,0.0,-0.02,200,exit_signal,False,1
btc-freinforced-5m-risk_early_base,BTC/USDT:USDT,2026-06-14 00:00:00+00:00,2026-06-14 02:15:00+00:00,False,1.0,2415.645,2415.645,64417.2,64578.3,0.0375,2.73071619,0.001129638678606315,0.0007,0.0007,0.0755980690338197,-0.02,135,exit_signal,False,1
btc-freinforced-5m-risk_early_base,BTC/USDT:USDT,2026-06-14 06:15:00+00:00,2026-06-14 06:20:00+00:00,False,1.0,2416.6125,2416.6125,64443.0,64410.5,0.0375,-4.60115438,-0.0019026367797578445,0.0007,0.0007,0.0,-0.02,5,exit_signal,False,1
btc-freinforced-5m-risk_early_base,BTC/USDT:USDT,2026-06-15 14:20:00+00:00,2026-06-15 14:35:00+00:00,False,1.0,2420.418,2420.418,66495.0,66499.9,0.0364,-3.21035005,-0.001325434027071417,0.0007,0.0007,0.0,-0.02,15,exit_signal,False,1
btc-freinforced-5m-risk_early_base,BTC/USDT:USDT,2026-06-16 03:50:00+00:00,2026-06-16 04:05:00+00:00,False,1.0,2419.85292,2419.85292,66116.2,66226.9,0.0366,0.66098978,0.00027296180084053674,0.0007,0.0007,0.0,-0.02,15,exit_signal,False,1
btc-freinforced-5m-risk_early_base,BTC/USDT:USDT,2026-06-17 18:05:00+00:00,2026-06-17 18:55:00+00:00,True,1.0,2419.28358,2419.28358,65209.8,65844.5,0.0371,-26.95085017,-0.011147816321841112,0.0007,0.0007,0.0,-0.02,50,exit_signal,False,1
btc-freinforced-5m-risk_early_base,BTC/USDT:USDT,2026-06-20 14:50:00+00:00,2026-06-20 17:15:00+00:00,False,1.0,2410.33819,2410.33819,63934.7,63924.2,0.0377,-3.7750833,-0.001565109247257485,0.0007,0.0007,-0.005036927443766375,-0.02,145,exit_signal,False,1
btc-freinforced-5m-risk_early_base,BTC/USDT:USDT,2026-06-21 02:55:00+00:00,2026-06-21 05:35:00+00:00,False,1.0,2408.39625,2408.39625,64223.9,64270.1,0.0375,-1.6404675,-0.0006806687130561628,0.0007,0.0007,0.0,-0.02,160,exit_signal,False,1
btc-freinforced-5m-risk_early_base,BTC/USDT:USDT,2026-06-21 09:45:00+00:00,2026-06-21 13:00:00+00:00,False,1.0,2410.32544,2410.32544,64104.4,64165.0,0.0376,-1.09749061,-0.00045501030100201855,0.0007,0.0007,0.0,-0.02,195,exit_signal,False,1
btc-freinforced-5m-risk_early_base,BTC/USDT:USDT,2026-06-24 13:05:00+00:00,2026-06-24 19:35:00+00:00,True,1.0,2407.14618,2407.14618,62361.3,59808.3,0.0386,95.34535993,0.03963703958930477,0.0007,0.0007,0.10058252091662304,-0.02,390,exit_signal,False,1
btc-freinforced-5m-risk_early_base,BTC/USDT:USDT,2026-06-25 08:45:00+00:00,2026-06-25 09:15:00+00:00,True,1.0,2431.768,2431.768,61720.0,61704.3,0.0394,-2.78546219,-0.0011462497159949287,0.0007,0.0007,0.0,-0.02,30,exit_signal,False,1
btc-freinforced-5m-risk_early_base,BTC/USDT:USDT,2026-06-26 08:30:00+00:00,2026-06-26 08:35:00+00:00,True,1.0,2429.27997,2429.27997,60279.9,60164.8,0.0403,1.24078501,0.0005111202427267131,0.0007,0.0007,0.0,-0.02,5,exit_signal,False,1
btc-freinforced-5m-risk_early_base,BTC/USDT:USDT,2026-06-26 12:45:00+00:00,2026-06-26 12:50:00+00:00,True,1.0,2429.6265,2429.6265,59115.0,59201.0,0.0411,-6.93855132,-0.002857810329363685,0.0007,0.0007,0.0,-0.02,5,exit_signal,False,1
btc-freinforced-5m-risk_early_base,BTC/USDT:USDT,2026-06-27 21:15:00+00:00,2026-06-27 21:20:00+00:00,False,1.0,2432.82234,2432.82234,60367.8,60361.0,0.0403,-3.67979945,-0.0015115059294569953,0.0007,0.0007,0.0,-0.02,5,exit_signal,False,1
btc-freinforced-5m-risk_early_base,BTC/USDT:USDT,2026-06-30 14:55:00+00:00,2026-06-30 15:50:00+00:00,True,1.0,2426.94075,2426.94075,58480.5,58545.9,0.0415,-6.11371692,-0.002520868925071106,0.0007,0.0007,0.0,-0.02,55,exit_signal,False,1
btc-freinforced-5m-risk_early_base,BTC/USDT:USDT,2026-07-05 04:20:00+00:00,2026-07-05 04:25:00+00:00,False,1.0,2429.8956,2429.8956,62788.0,62844.6,0.0387,-1.21296713,-0.000498835689462188,0.0007,0.0007,0.0,-0.02,5,exit_signal,False,1
btc-freinforced-5m-risk_early_base,BTC/USDT:USDT,2026-07-06 00:50:00+00:00,2026-07-06 01:55:00+00:00,False,1.0,2425.98321,2425.98321,63674.1,63557.7,0.0381,-7.82811211,-0.0032245220133303274,0.0007,0.0007,0.0,-0.02,65,exit_signal,False,1
btc-freinforced-5m-risk_early_base,BTC/USDT:USDT,2026-07-09 09:40:00+00:00,2026-07-09 09:45:00+00:00,False,1.0,2423.5827,2423.5827,62950.2,62778.3,0.0385,-10.00653308,-0.0041259303454408095,0.0007,0.0007,0.0,-0.02,5,exit_signal,False,1
btc-freinforced-5m-risk_late_base,BTC/USDT:USDT,2026-07-14 02:30:00+00:00,2026-07-14 03:10:00+00:00,True,1.0,2468.81052,2468.81052,62343.7,62454.4,0.0396,-7.84312333,-0.0031791088455640198,0.0007,0.0007,0.0,-0.02,40,exit_signal,False,1
btc-freinforced-5m-risk_late_base,BTC/USDT:USDT,2026-07-19 20:10:00+00:00,2026-07-19 20:25:00+00:00,False,1.0,2469.78316,2469.78316,64485.2,64496.3,0.0383,-3.03286402,-0.0012271289841695352,0.0007,0.0007,0.0,-0.02,15,exit_signal,False,1
btc-freinforced-5m-risk_late_base,BTC/USDT:USDT,2026-07-21 19:30:00+00:00,2026-07-21 19:35:00+00:00,False,1.0,2469.02352,2469.02352,66371.6,66389.2,0.0372,-2.80237123,-0.0011342180095312991,0.0007,0.0007,0.0,-0.02,5,exit_signal,False,1
btc-freinforced-5m-risk_late_base,BTC/USDT:USDT,2026-07-22 08:15:00+00:00,2026-07-22 08:40:00+00:00,False,1.0,2468.47854,2468.47854,66002.1,65945.8,0.0374,-5.56001602,-0.0022508304776626084,0.0007,0.0007,0.0,-0.02,25,exit_signal,False,1
btc-freinforced-5m-risk_late_base,BTC/USDT:USDT,2026-07-22 13:55:00+00:00,2026-07-22 14:20:00+00:00,False,1.0,2464.6226,2464.6226,65899.0,65745.5,0.0374,-9.18735301,-0.003725084060150596,0.0007,0.0007,0.0,-0.02,25,exit_signal,False,1
btc-freinforced-5m-risk_late_base,BTC/USDT:USDT,2026-07-25 20:15:00+00:00,2026-07-25 20:55:00+00:00,True,1.0,2464.32541,2464.32541,64342.7,64311.5,0.0383,-2.2542591,-0.0009153978519138475,0.0007,0.0007,0.0,-0.02,40,exit_signal,False,1
btc-freinforced-5m-risk_late_base,BTC/USDT:USDT,2026-07-27 13:40:00+00:00,2026-07-27 14:05:00+00:00,False,1.0,2465.66671,2465.66671,65402.3,65289.7,0.0377,-7.69398188,-0.003118264049603822,0.0007,0.0007,0.0,-0.02,25,exit_signal,False,1
btc-freinforced-5m-risk_late_base,BTC/USDT:USDT,2026-07-28 22:35:00+00:00,2026-07-28 22:40:00+00:00,True,1.0,2464.4749,2464.4749,63846.5,63833.5,0.0386,-2.9481136,-0.0011970820742007052,0.0007,0.0007,0.0,-0.02,5,exit_signal,False,1
btc-freinforced-5m-risk_late_base,BTC/USDT:USDT,2026-07-29 08:50:00+00:00,2026-07-29 09:00:00+00:00,False,1.0,2461.26038,2461.26038,64430.9,64389.7,0.0382,-5.01850284,-0.002037570825951478,0.0007,0.0007,0.0,-0.02,10,exit_signal,False,1
btc-freinforced-5m-risk_late_base,BTC/USDT:USDT,2026-07-30 13:45:00+00:00,2026-07-30 14:20:00+00:00,False,1.0,2462.99214,2462.99214,64986.6,64624.0,0.0379,-17.18110922,-0.006970826490904075,0.0007,0.0007,0.0,-0.02,35,exit_signal,False,1
btc-freinforced-5m-risk_late_base,BTC/USDT:USDT,2026-08-02 12:35:00+00:00,2026-08-02 14:25:00+00:00,False,1.0,2456.146,2456.146,63140.0,63074.1,0.0389,-6.00031994,-0.00244127289425877,0.0007,0.0007,0.0,-0.02,110,exit_signal,False,1
btc-freinforced-5m-risk_late_base,BTC/USDT:USDT,2026-08-09 21:40:00+00:00,2026-08-09 23:00:00+00:00,False,1.0,2452.07648,2452.07648,65214.8,65043.3,0.0376,-9.87679319,-0.004025112736699915,0.0007,0.0007,0.0,-0.02,80,exit_signal,False,1
btc-freinforced-5m-risk_late_base,BTC/USDT:USDT,2026-08-11 04:50:00+00:00,2026-08-11 04:55:00+00:00,True,1.0,2453.43672,2453.43672,64058.4,64016.0,0.0383,-1.80975466,-0.0007381573614268577,0.0007,0.0007,0.0,-0.02,5,exit_signal,False,1
btc-freinforced-5m-risk_late_base,BTC/USDT:USDT,2026-08-11 13:05:00+00:00,2026-08-11 13:10:00+00:00,True,1.0,2448.75939,2448.75939,64271.9,64342.7,0.0381,-6.12763138,-0.002504094012523062,0.0007,0.0007,0.0,-0.02,5,exit_signal,False,1
btc-freinforced-5m-risk_late_base,BTC/USDT:USDT,2026-08-12 12:50:00+00:00,2026-08-12 13:40:00+00:00,True,1.0,2449.69864,2449.69864,63960.8,63931.2,0.0383,-2.29510452,-0.0009375488809321408,0.0007,0.0007,0.0,-0.02,50,exit_signal,False,1
btc-freinforced-5m-risk_late_base,BTC/USDT:USDT,2026-08-15 03:45:00+00:00,2026-08-15 04:05:00+00:00,True,1.0,2452.2949,2452.2949,63041.0,63050.0,0.0389,-3.78355793,-0.0015439449292142865,0.0007,0.0007,0.0,-0.02,20,exit_signal,False,1
btc-freinforced-5m-risk_late_base,BTC/USDT:USDT,2026-08-17 00:10:00+00:00,2026-08-17 00:25:00+00:00,True,1.0,2451.3684,2451.3684,62855.6,62762.0,0.039,0.22103952,9.023301273249441e-05,0.0007,0.0007,0.0,-0.02,15,exit_signal,False,1
btc-freinforced-5m-risk_late_base,BTC/USDT:USDT,2026-08-17 10:35:00+00:00,2026-08-17 12:55:00+00:00,False,1.0,2449.1893,2449.1893,63450.5,63520.6,0.0386,-0.72489912,-0.00029576809173880613,0.0007,0.0007,0.0,-0.02,140,exit_signal,False,1
btc-freinforced-5m-risk_late_base,BTC/USDT:USDT,2026-08-19 17:55:00+00:00,2026-08-19 19:00:00+00:00,False,1.0,2447.12709,2447.12709,68165.1,68362.2,0.0359,3.64495895,0.0014884430311772401,0.0007,0.0007,0.0,-0.02,65,exit_signal,False,1
btc-freinforced-5m-risk_late_base,BTC/USDT:USDT,2026-08-21 03:45:00+00:00,2026-08-21 04:10:00+00:00,False,1.0,2448.4216,2448.4216,74647.0,74813.7,0.0328,2.03614233,0.0008310325425085424,0.0007,0.0007,0.0,-0.02,25,exit_signal,False,1
btc-freinforced-5m-risk_late_base,BTC/USDT:USDT,2026-08-23 14:45:00+00:00,2026-08-23 16:35:00+00:00,True,1.0,2448.6,2448.6,77000.0,77400.0,0.0318,-15.91165184,-0.006502817037678233,0.0007,0.0007,0.245292162,-0.02,110,exit_signal,False,1
btc-freinforced-5m-risk_late_base,BTC/USDT:USDT,2026-08-27 14:05:00+00:00,2026-08-27 14:15:00+00:00,False,1.0,2445.34403,2445.34403,79652.9,79419.9,0.0307,-10.57157447,-0.004320119956421419,0.0007,0.0007,0.0,-0.02,10,exit_signal,False,1
btc-freinforced-5m-risk_late_base,BTC/USDT:USDT,2026-08-28 05:50:00+00:00,2026-08-28 05:55:00+00:00,False,1.0,2442.90816,2442.90816,79833.6,79772.9,0.0306,-5.27619123,-0.002158288455536632,0.0007,0.0007,0.0,-0.02,5,exit_signal,False,1
btc-freinforced-5m-risk_late_base,BTC/USDT:USDT,2026-08-28 11:00:00+00:00,2026-08-28 11:55:00+00:00,False,1.0,2441.88721,2441.88721,79540.3,79562.0,0.0307,-2.75291843,-0.001126584685737979,0.0007,0.0007,0.0,-0.02,55,exit_signal,False,1
btc-freinforced-5m-risk_late_base,BTC/USDT:USDT,2026-08-30 07:45:00+00:00,2026-08-30 08:10:00+00:00,True,1.0,2437.0476,2437.0476,78110.5,78159.0,0.0312,-4.76951845,-0.001958459675394166,0.0007,0.0007,0.1566074334873509,-0.02,25,exit_signal,False,1
btc-freinforced-5m-risk_late_base,BTC/USDT:USDT,2026-09-01 00:20:00+00:00,2026-09-01 00:35:00+00:00,False,1.0,2441.8576,2441.8576,78769.6,78773.5,0.031,-3.29778527,-0.0013495784664492446,0.0007,0.0007,0.0,-0.02,15,exit_signal,False,1
btc-freinforced-5m-risk_late_base,BTC/USDT:USDT,2026-09-04 15:45:00+00:00,2026-09-04 16:20:00+00:00,False,1.0,2439.99916,2439.99916,79478.8,79423.3,0.0307,-5.2028557,-0.0021308270649674985,0.0007,0.0007,-0.0841995753383568,-0.02,35,exit_signal,False,1
btc-freinforced-5m-risk_late_base,BTC/USDT:USDT,2026-09-06 08:10:00+00:00,2026-09-06 08:25:00+00:00,False,1.0,2435.2054,2435.2054,79842.8,79778.5,0.0305,-5.36906475,-0.0022032264849923652,0.0007,0.0007,0.0,-0.02,15,exit_signal,False,1
btc-freinforced-5m-risk_late_base,BTC/USDT:USDT,2026-09-06 17:10:00+00:00,2026-09-06 17:25:00+00:00,True,1.0,2434.42584,2434.42584,79556.4,79690.5,0.0306,-7.5145286,-0.00308893880896298,0.0007,0.0007,0.0,-0.02,15,exit_signal,False,1
btc-freinforced-original_early_base,BTC/USDT:USDT,2026-03-18 01:35:00+00:00,2026-03-18 02:00:00+00:00,False,1.0,2497.57103,2497.57103,74111.9,74036.8,0.0337,-6.02569783,-0.0024109355528701693,0.0007,0.0007,0.0,-0.05,25,exit_signal,False,1
btc-freinforced-original_early_base,BTC/USDT:USDT,2026-03-19 14:20:00+00:00,2026-03-19 14:55:00+00:00,True,1.0,2498.2884,2498.2884,69396.9,69469.1,0.036,-6.0986232,-0.0024428305501713334,0.0007,0.0007,0.0,-0.05,35,exit_signal,False,1
btc-freinforced-original_early_base,BTC/USDT:USDT,2026-03-21 18:40:00+00:00,2026-03-21 19:05:00+00:00,False,1.0,2494.107,2494.107,70455.0,70400.7,0.0354,-5.41262425,-0.002168647160428823,0.0007,0.0007,0.0,-0.05,25,exit_signal,False,1
btc-freinforced-original_early_base,BTC/USDT:USDT,2026-03-23 06:40:00+00:00,2026-03-23 08:05:00+00:00,True,1.0,2498.536,2498.536,68080.0,68414.0,0.0367,-15.76433086,-0.006313846837321966,0.0007,0.0007,0.0,-0.05,85,exit_signal,False,1
btc-freinforced-original_early_base,BTC/USDT:USDT,2026-03-25 16:35:00+00:00,2026-03-25 17:00:00+00:00,False,1.0,2498.475,2498.475,71385.0,71290.0,0.035,-6.8205375,-0.0027279706474851928,0.0007,0.0007,0.0,-0.05,25,exit_signal,False,1
btc-freinforced-original_early_base,BTC/USDT:USDT,2026-03-28 01:25:00+00:00,2026-03-28 01:30:00+00:00,True,1.0,2497.82858,2497.82858,66255.4,66185.0,0.0377,-0.84102216,-0.0003369371680027502,0.0007,0.0007,0.0,-0.05,5,exit_signal,False,1
btc-freinforced-original_early_base,BTC/USDT:USDT,2026-03-31 14:55:00+00:00,2026-03-31 15:10:00+00:00,True,1.0,2495.85375,2495.85375,66556.1,66898.2,0.0375,-16.33192538,-0.006548206494877839,0.0007,0.0007,0.0,-0.05,15,exit_signal,False,1
btc-freinforced-original_early_base,BTC/USDT:USDT,2026-04-01 03:20:00+00:00,2026-04-01 03:30:00+00:00,False,1.0,2494.10998,2494.10998,67959.4,67936.2,0.0367,-4.34259796,-0.0017399233805289256,0.0007,0.0007,0.0,-0.05,10,exit_signal,False,1
btc-freinforced-original_early_base,BTC/USDT:USDT,2026-04-03 09:10:00+00:00,2026-04-03 09:20:00+00:00,True,1.0,2493.97498,2493.97498,66862.6,66866.9,0.0373,-3.65206724,-0.001465381772929608,0.0007,0.0007,0.0,-0.05,10,exit_signal,False,1
btc-freinforced-original_early_base,BTC/USDT:USDT,2026-04-03 12:45:00+00:00,2026-04-03 13:00:00+00:00,True,1.0,2499.71128,2499.71128,66837.2,66697.4,0.0374,1.73258417,0.0006935992337802852,0.0007,0.0007,0.0,-0.05,15,exit_signal,False,1
btc-freinforced-original_early_base,BTC/USDT:USDT,2026-04-07 19:00:00+00:00,2026-04-07 19:05:00+00:00,True,1.0,2497.0891,2497.0891,68413.4,68418.4,0.0365,-3.67855249,-0.0014741681746543796,0.0007,0.0007,0.0,-0.05,5,exit_signal,False,1
btc-freinforced-original_early_base,BTC/USDT:USDT,2026-04-11 01:50:00+00:00,2026-04-11 01:55:00+00:00,False,1.0,2494.67796,2494.67796,72943.8,72917.5,0.0342,-4.39137952,-0.001759067813549279,0.0007,0.0007,0.0,-0.05,5,exit_signal,False,1
btc-freinforced-original_early_base,BTC/USDT:USDT,2026-04-12 16:20:00+00:00,2026-04-12 16:35:00+00:00,True,1.0,2493.744,2493.744,70845.0,70901.9,0.0352,-5.49552362,-0.0022052677344694804,0.0007,0.0007,0.0,-0.05,15,exit_signal,False,1
btc-freinforced-original_early_base,BTC/USDT:USDT,2026-04-12 16:50:00+00:00,2026-04-12 17:05:00+00:00,True,1.0,2493.13504,2493.13504,70827.7,70933.5,0.0352,-7.21715597,-0.0028968392815427453,0.0007,0.0007,0.0,-0.05,15,exit_signal,False,1
btc-freinforced-original_early_base,BTC/USDT:USDT,2026-04-14 00:40:00+00:00,2026-04-14 01:00:00+00:00,False,1.0,2498.48256,2498.48256,74359.6,74138.1,0.0336,-10.9350659,-0.004373621366524242,0.0007,0.0007,0.0,-0.05,20,exit_signal,False,1
btc-freinforced-original_early_base,BTC/USDT:USDT,2026-04-15 08:30:00+00:00,2026-04-15 08:40:00+00:00,False,1.0,2499.94602,2499.94602,73962.9,74065.1,0.0338,-0.04798248,-1.91799804377251e-05,0.0007,0.0007,0.0,-0.05,10,exit_signal,False,1
btc-freinforced-original_early_base,BTC/USDT:USDT,2026-04-16 13:55:00+00:00,2026-04-16 15:15:00+00:00,True,1.0,2495.243,2495.243,73389.5,74270.1,0.034,-33.45469848,-0.01341678272345469,0.0007,0.0007,0.0,-0.05,80,exit_signal,False,1
btc-freinforced-original_early_base,BTC/USDT:USDT,2026-04-22 07:45:00+00:00,2026-04-22 08:50:00+00:00,False,1.0,2496.992,2496.992,78031.0,77921.8,0.032,-6.98774272,-0.0027965066454737593,0.0007,0.0007,0.0,-0.05,65,exit_signal,False,1
btc-freinforced-original_early_base,BTC/USDT:USDT,2026-04-23 00:45:00+00:00,2026-04-23 04:50:00+00:00,False,1.0,2492.92284,2492.92284,78393.8,77832.0,0.0318,-21.34282631,-0.0085553778239893,0.0007,0.0007,0.0,-0.05,245,exit_signal,False,1
btc-freinforced-original_early_base,BTC/USDT:USDT,2026-04-25 11:30:00+00:00,2026-04-25 12:15:00+00:00,True,1.0,2499.80514,2499.80514,77633.7,77650.5,0.0322,-4.04106587,-0.001617684727865762,0.0007,0.0007,0.0,-0.05,45,exit_signal,False,1
btc-freinforced-original_early_base,BTC/USDT:USDT,2026-04-25 19:30:00+00:00,2026-04-25 20:05:00+00:00,True,1.0,2494.08972,2494.08972,77216.4,77280.0,0.0323,-5.5474436,-0.0022257938381909812,0.0007,0.0007,0.0,-0.05,35,exit_signal,False,1
btc-freinforced-original_early_base,BTC/USDT:USDT,2026-04-28 01:35:00+00:00,2026-04-28 01:40:00+00:00,True,1.0,2496.9546,2496.9546,77066.5,77157.2,0.0324,-6.43647352,-0.002579535169580288,0.0007,0.0007,0.0,-0.05,5,exit_signal,False,1
btc-freinforced-original_early_base,BTC/USDT:USDT,2026-04-28 21:45:00+00:00,2026-04-28 21:55:00+00:00,True,1.0,2494.47372,2494.47372,76283.6,76265.4,0.0327,-2.89670661,-0.0011620630443071997,0.0007,0.0007,0.0,-0.05,10,exit_signal,False,1
btc-freinforced-original_early_base,BTC/USDT:USDT,2026-04-29 18:10:00+00:00,2026-04-29 19:05:00+00:00,True,1.0,2497.03713,2497.03713,74986.1,75484.6,0.0333,-20.10752202,-0.008058193009329221,0.0007,0.0007,0.0,-0.05,55,exit_signal,False,1
btc-freinforced-original_early_base,BTC/USDT:USDT,2026-05-02 17:40:00+00:00,2026-05-02 18:00:00+00:00,False,1.0,2494.17894,2494.17894,78433.3,78359.3,0.0318,-5.84340328,-0.002341177557600868,0.0007,0.0007,0.0,-0.05,20,exit_signal,False,1
btc-freinforced-original_early_base,BTC/USDT:USDT,2026-05-03 04:30:00+00:00,2026-05-03 04:35:00+00:00,False,1.0,2493.88139,2493.88139,78178.1,78167.6,0.0319,-3.82614948,-0.0015331414975055385,0.0007,0.0007,0.0,-0.05,5,exit_signal,False,1
btc-freinforced-original_early_base,BTC/USDT:USDT,2026-05-03 22:05:00+00:00,2026-05-03 23:50:00+00:00,False,1.0,2498.73208,2498.73208,79073.8,78546.1,0.0316,-20.16187219,-0.008063196896192924,0.0007,0.0007,0.0,-0.05,105,exit_signal,False,1
btc-freinforced-original_early_base,BTC/USDT:USDT,2026-05-05 07:05:00+00:00,2026-05-05 08:00:00+00:00,False,1.0,2492.00952,2492.00952,80909.4,80821.8,0.0308,-6.18500467,-0.0024801984686091067,0.0007,0.0007,0.0,-0.05,55,exit_signal,False,1
btc-freinforced-original_early_base,BTC/USDT:USDT,2026-05-07 02:00:00+00:00,2026-05-07 03:05:00+00:00,True,1.0,2498.86868,2498.86868,81132.1,81021.2,0.0308,-0.08030515,-3.2159114092417e-05,0.0007,0.0007,0.0,-0.05,65,exit_signal,False,1
btc-freinforced-original_early_base,BTC/USDT:USDT,2026-05-08 12:55:00+00:00,2026-05-08 13:10:00+00:00,True,1.0,2498.3712,2498.3712,80076.0,79861.8,0.0312,3.18999845,0.0012777256690715841,0.0007,0.0007,0.0,-0.05,15,exit_signal,False,1
btc-freinforced-original_early_base,BTC/USDT:USDT,2026-05-10 22:15:00+00:00,2026-05-11 01:30:00+00:00,False,1.0,2495.18241,2495.18241,81276.3,81590.5,0.0307,6.14593247,0.0024613965303928744,0.0007,0.0007,0.0,-0.05,195,exit_signal,False,1
btc-freinforced-original_early_base,BTC/USDT:USDT,2026-05-11 05:20:00+00:00,2026-05-11 05:25:00+00:00,False,1.0,2498.56473,2498.56473,80859.7,80892.0,0.0309,-2.50061927,-0.001000122202540388,0.0007,0.0007,0.0,-0.05,5,exit_signal,False,1
btc-freinforced-original_early_base,BTC/USDT:USDT,2026-05-13 21:15:00+00:00,2026-05-13 21:35:00+00:00,True,1.0,2493.57762,2493.57762,79413.3,79412.9,0.0314,-3.47843988,-0.0013959366917743999,0.0007,0.0007,0.0,-0.05,20,exit_signal,False,1
btc-freinforced-original_early_base,BTC/USDT:USDT,2026-05-15 07:15:00+00:00,2026-05-15 07:40:00+00:00,False,1.0,2494.8042,2494.8042,80738.0,80766.9,0.0309,-2.60034099,-0.0010415735329380926,0.0007,0.0007,0.0,-0.05,25,exit_signal,False,1
btc-freinforced-original_early_base,BTC/USDT:USDT,2026-05-17 22:10:00+00:00,2026-05-18 03:30:00+00:00,True,1.0,2498.6656,2498.6656,78083.3,76930.1,0.032,33.43009984,0.013388553194997953,0.0007,0.0007,0.0,-0.05,320,exit_signal,False,1
btc-freinforced-original_early_base,BTC/USDT:USDT,2026-05-23 17:20:00+00:00,2026-05-23 17:40:00+00:00,True,1.0,2496.38545,2496.38545,75419.5,75425.4,0.0331,-3.69036633,-0.001479319387948357,0.0007,0.0007,0.0,-0.05,20,exit_signal,False,1
btc-freinforced-original_early_base,BTC/USDT:USDT,2026-05-24 16:20:00+00:00,2026-05-24 16:55:00+00:00,False,1.0,2498.05976,2498.05976,76627.6,76600.9,0.0326,-4.36709437,-0.001746971634625897,0.0007,0.0007,0.0,-0.05,35,exit_signal,False,1
btc-freinforced-original_early_base,BTC/USDT:USDT,2026-05-28 19:35:00+00:00,2026-05-28 19:45:00+00:00,True,1.0,2497.3102,2497.3102,73450.3,73403.6,0.034,-1.90732282,-0.000764285862932387,0.0007,0.0007,0.0,-0.05,10,exit_signal,False,1
btc-freinforced-original_early_base,BTC/USDT:USDT,2026-05-29 07:40:00+00:00,2026-05-29 08:10:00+00:00,True,1.0,2497.487,2497.487,73455.5,73668.2,0.034,-10.73334406,-0.004300668097117104,0.0007,0.0007,0.0,-0.05,30,exit_signal,False,1
btc-freinforced-original_early_base,BTC/USDT:USDT,2026-05-30 05:30:00+00:00,2026-05-30 05:40:00+00:00,False,1.0,2498.1942,2498.1942,73476.3,73531.8,0.034,-1.61179278,-0.000644731828406296,0.0007,0.0007,0.0,-0.05,10,exit_signal,False,1
btc-freinforced-original_early_base,BTC/USDT:USDT,2026-05-31 23:35:00+00:00,2026-05-31 23:50:00+00:00,True,1.0,2497.12824,2497.12824,73661.6,73634.5,0.0339,-2.57664645,-0.0010325666598348868,0.0007,0.0007,0.0,-0.05,15,exit_signal,False,1
btc-freinforced-original_early_base,BTC/USDT:USDT,2026-06-01 10:00:00+00:00,2026-06-01 11:45:00+00:00,True,1.0,2499.19061,2499.19061,72862.7,72684.9,0.0343,2.60394212,0.0010426440247826541,0.0007,0.0007,0.0,-0.05,105,exit_signal,False,1
btc-freinforced-original_early_base,BTC/USDT:USDT,2026-06-07 14:30:00+00:00,2026-06-07 14:50:00+00:00,False,1.0,2494.56276,2494.56276,62053.8,61768.0,0.0402,-14.97350545,-0.005998258118817724,0.0007,0.0007,0.0,-0.05,20,exit_signal,False,1
btc-freinforced-original_early_base,BTC/USDT:USDT,2026-06-12 08:15:00+00:00,2026-06-12 11:35:00+00:00,False,1.0,2499.01095,2499.01095,63266.1,63707.1,0.0395,13.90869102,0.005561785052113219,0.0007,0.0007,0.0,-0.05,200,exit_signal,False,1
btc-freinforced-original_early_base,BTC/USDT:USDT,2026-06-14 00:00:00+00:00,2026-06-14 02:15:00+00:00,False,1.0,2499.38736,2499.38736,64417.2,64578.3,0.0388,2.82538102,0.001129638679437937,0.0007,0.0007,0.07821880209365878,-0.05,135,exit_signal,False,1
btc-freinforced-original_early_base,BTC/USDT:USDT,2026-06-14 06:15:00+00:00,2026-06-14 06:20:00+00:00,False,1.0,2493.9441,2493.9441,64443.0,64410.5,0.0387,-4.74839131,-0.0019026367756868258,0.0007,0.0007,0.0,-0.05,5,exit_signal,False,1
btc-freinforced-original_early_base,BTC/USDT:USDT,2026-06-15 14:20:00+00:00,2026-06-15 14:35:00+00:00,False,1.0,2493.5625,2493.5625,66495.0,66499.9,0.0375,-3.30736613,-0.001325434029900903,0.0007,0.0007,0.0,-0.05,15,exit_signal,False,1
btc-freinforced-original_early_base,BTC/USDT:USDT,2026-06-16 03:50:00+00:00,2026-06-16 04:05:00+00:00,False,1.0,2499.19236,2499.19236,66116.2,66226.9,0.0378,0.68266157,0.0002729617984152209,0.0007,0.0007,0.0,-0.05,15,exit_signal,False,1
btc-freinforced-original_early_base,BTC/USDT:USDT,2026-06-17 18:05:00+00:00,2026-06-17 18:55:00+00:00,True,1.0,2497.53534,2497.53534,65209.8,65844.5,0.0383,-27.82257578,-0.011147816321052724,0.0007,0.0007,0.0,-0.05,50,exit_signal,False,1
btc-freinforced-original_early_base,BTC/USDT:USDT,2026-06-20 14:50:00+00:00,2026-06-20 17:15:00+00:00,False,1.0,2499.84677,2499.84677,63934.7,63924.2,0.0391,-3.91527207,-0.001565109247352915,0.0007,0.0007,-0.005223975147248416,-0.05,145,exit_signal,False,1
btc-freinforced-original_early_base,BTC/USDT:USDT,2026-06-21 02:55:00+00:00,2026-06-21 05:35:00+00:00,False,1.0,2498.30971,2498.30971,64223.9,64270.1,0.0389,-1.70171162,-0.0006806687130561627,0.0007,0.0007,0.0,-0.05,160,exit_signal,False,1
btc-freinforced-original_early_base,BTC/USDT:USDT,2026-06-21 09:45:00+00:00,2026-06-21 13:00:00+00:00,False,1.0,2493.66116,2493.66116,64104.4,64165.0,0.0389,-1.13543576,-0.000455010299371363,0.0007,0.0007,0.0,-0.05,195,exit_signal,False,1
btc-freinforced-original_early_base,BTC/USDT:USDT,2026-06-24 13:05:00+00:00,2026-06-24 19:35:00+00:00,True,1.0,2494.452,2494.452,62361.3,59808.3,0.04,98.80348179,0.0396370395882031,0.0007,0.0007,0.10423059162344356,-0.05,390,exit_signal,False,1
btc-freinforced-original_early_base,BTC/USDT:USDT,2026-06-25 08:45:00+00:00,2026-06-25 09:15:00+00:00,True,1.0,2499.66,2499.66,61720.0,61704.3,0.0405,-2.86322891,-0.001146249719642648,0.0007,0.0007,0.0,-0.05,30,exit_signal,False,1
btc-freinforced-original_early_base,BTC/USDT:USDT,2026-06-26 08:30:00+00:00,2026-06-26 08:35:00+00:00,True,1.0,2495.58786,2495.58786,60279.9,60164.8,0.0414,1.27465259,0.0005111202423585604,0.0007,0.0007,0.0,-0.05,5,exit_signal,False,1
btc-freinforced-original_early_base,BTC/USDT:USDT,2026-06-26 12:45:00+00:00,2026-06-26 12:50:00+00:00,True,1.0,2494.653,2494.653,59115.0,59201.0,0.0422,-7.12425464,-0.002857810329363685,0.0007,0.0007,0.0,-0.05,5,exit_signal,False,1
btc-freinforced-original_early_base,BTC/USDT:USDT,2026-06-27 21:15:00+00:00,2026-06-27 21:20:00+00:00,False,1.0,2499.22692,2499.22692,60367.8,60361.0,0.0414,-3.78024062,-0.0015115059270361044,0.0007,0.0007,0.0,-0.05,5,exit_signal,False,1
btc-freinforced-original_early_base,BTC/USDT:USDT,2026-06-30 14:55:00+00:00,2026-06-30 15:50:00+00:00,True,1.0,2497.11735,2497.11735,58480.5,58545.9,0.0427,-6.2904991,-0.0025208689266740755,0.0007,0.0007,0.0,-0.05,55,exit_signal,False,1
btc-freinforced-original_early_base,BTC/USDT:USDT,2026-07-05 04:20:00+00:00,2026-07-05 04:25:00+00:00,False,1.0,2498.9624,2498.9624,62788.0,62844.6,0.0398,-1.24744424,-0.0004988356927067424,0.0007,0.0007,0.0,-0.05,5,exit_signal,False,1
btc-freinforced-original_early_base,BTC/USDT:USDT,2026-07-06 00:50:00+00:00,2026-07-06 01:55:00+00:00,False,1.0,2496.02472,2496.02472,63674.1,63557.7,0.0392,-8.05412059,-0.003224522010881951,0.0007,0.0007,0.0,-0.05,65,exit_signal,False,1
btc-freinforced-original_early_base,BTC/USDT:USDT,2026-07-09 09:40:00+00:00,2026-07-09 09:45:00+00:00,False,1.0,2499.12294,2499.12294,62950.2,62778.3,0.0397,-10.31842501,-0.004125930341379889,0.0007,0.0007,0.0,-0.05,5,exit_signal,False,1
btc-freinforced-original_late_base,BTC/USDT:USDT,2026-07-14 02:30:00+00:00,2026-07-14 03:10:00+00:00,True,1.0,2499.98237,2499.98237,62343.7,62454.4,0.0401,-7.94215267,-0.0031791088475755427,0.0007,0.0007,0.0,-0.05,40,exit_signal,False,1
btc-freinforced-original_late_base,BTC/USDT:USDT,2026-07-19 20:10:00+00:00,2026-07-19 20:25:00+00:00,False,1.0,2495.57724,2495.57724,64485.2,64496.3,0.0387,-3.06453883,-0.0012271289801443395,0.0007,0.0007,0.0,-0.05,15,exit_signal,False,1
btc-freinforced-original_late_base,BTC/USDT:USDT,2026-07-21 19:30:00+00:00,2026-07-21 19:35:00+00:00,False,1.0,2495.57216,2495.57216,66371.6,66389.2,0.0376,-2.83250426,-0.001134218011942487,0.0007,0.0007,0.0,-0.05,5,exit_signal,False,1
btc-freinforced-original_late_base,BTC/USDT:USDT,2026-07-22 08:15:00+00:00,2026-07-22 08:40:00+00:00,False,1.0,2494.87938,2494.87938,66002.1,65945.8,0.0378,-5.61948143,-0.002250830476870095,0.0007,0.0007,0.0,-0.05,25,exit_signal,False,1
btc-freinforced-original_late_base,BTC/USDT:USDT,2026-07-22 13:55:00+00:00,2026-07-22 14:20:00+00:00,False,1.0,2497.5721,2497.5721,65899.0,65745.5,0.0379,-9.31017858,-0.0037250840581500516,0.0007,0.0007,0.0,-0.05,25,exit_signal,False,1
btc-freinforced-original_late_base,BTC/USDT:USDT,2026-07-25 20:15:00+00:00,2026-07-25 20:55:00+00:00,True,1.0,2496.49676,2496.49676,64342.7,64311.5,0.0388,-2.28368807,-0.0009153978519243134,0.0007,0.0007,0.0,-0.05,40,exit_signal,False,1
btc-freinforced-original_late_base,BTC/USDT:USDT,2026-07-27 13:40:00+00:00,2026-07-27 14:05:00+00:00,False,1.0,2498.36786,2498.36786,65402.3,65289.7,0.0382,-7.79602408,-0.0031182640496038214,0.0007,0.0007,0.0,-0.05,25,exit_signal,False,1
btc-freinforced-original_late_base,BTC/USDT:USDT,2026-07-28 22:35:00+00:00,2026-07-28 22:40:00+00:00,True,1.0,2496.39815,2496.39815,63846.5,63833.5,0.0391,-2.9863016,-0.0011970820742007052,0.0007,0.0007,0.0,-0.05,5,exit_signal,False,1
btc-freinforced-original_late_base,BTC/USDT:USDT,2026-07-29 08:50:00+00:00,2026-07-29 09:00:00+00:00,False,1.0,2499.91892,2499.91892,64430.9,64389.7,0.0388,-5.0973275,-0.0020375708291744577,0.0007,0.0007,0.0,-0.05,10,exit_signal,False,1
btc-freinforced-original_late_base,BTC/USDT:USDT,2026-07-30 13:45:00+00:00,2026-07-30 14:20:00+00:00,False,1.0,2495.48544,2495.48544,64986.6,64624.0,0.0384,-17.40777293,-0.00697082649089351,0.0007,0.0007,0.0,-0.05,35,exit_signal,False,1
btc-freinforced-original_late_base,BTC/USDT:USDT,2026-08-02 12:35:00+00:00,2026-08-02 14:25:00+00:00,False,1.0,2494.03,2494.03,63140.0,63074.1,0.0395,-6.09286987,-0.002441272897482726,0.0007,0.0007,0.0,-0.05,110,exit_signal,False,1
btc-freinforced-original_late_base,BTC/USDT:USDT,2026-08-09 21:40:00+00:00,2026-08-09 23:00:00+00:00,False,1.0,2497.72684,2497.72684,65214.8,65043.3,0.0383,-10.06066966,-0.004025112737114895,0.0007,0.0007,0.0,-0.05,80,exit_signal,False,1
btc-freinforced-original_late_base,BTC/USDT:USDT,2026-08-11 04:50:00+00:00,2026-08-11 04:55:00+00:00,True,1.0,2498.2776,2498.2776,64058.4,64016.0,0.039,-1.84283112,-0.0007381573630583657,0.0007,0.0007,0.0,-0.05,5,exit_signal,False,1
btc-freinforced-original_late_base,BTC/USDT:USDT,2026-08-11 13:05:00+00:00,2026-08-11 13:10:00+00:00,True,1.0,2493.74972,2493.74972,64271.9,64342.7,0.0388,-6.24021254,-0.002504094014945508,0.0007,0.0007,0.0,-0.05,5,exit_signal,False,1
btc-freinforced-original_late_base,BTC/USDT:USDT,2026-08-12 12:50:00+00:00,2026-08-12 13:40:00+00:00,True,1.0,2494.4712,2494.4712,63960.8,63931.2,0.039,-2.3370516,-0.0009375488809321408,0.0007,0.0007,0.0,-0.05,50,exit_signal,False,1
btc-freinforced-original_late_base,BTC/USDT:USDT,2026-08-15 03:45:00+00:00,2026-08-15 04:05:00+00:00,True,1.0,2496.4236,2496.4236,63041.0,63050.0,0.0396,-3.85164252,-0.001543944929214286,0.0007,0.0007,0.0,-0.05,20,exit_signal,False,1
btc-freinforced-original_late_base,BTC/USDT:USDT,2026-08-17 00:10:00+00:00,2026-08-17 00:25:00+00:00,True,1.0,2495.36732,2495.36732,62855.6,62762.0,0.0397,0.2250069,9.02330143365877e-05,0.0007,0.0007,0.0,-0.05,15,exit_signal,False,1
btc-freinforced-original_late_base,BTC/USDT:USDT,2026-08-17 10:35:00+00:00,2026-08-17 12:55:00+00:00,False,1.0,2499.9497,2499.9497,63450.5,63520.6,0.0394,-0.73992294,-0.00029576809335428813,0.0007,0.0007,0.0,-0.05,140,exit_signal,False,1
btc-freinforced-original_late_base,BTC/USDT:USDT,2026-08-19 17:55:00+00:00,2026-08-19 19:00:00+00:00,False,1.0,2494.84266,2494.84266,68165.1,68362.2,0.0366,3.71603057,0.0014884430299834108,0.0007,0.0007,0.0,-0.05,65,exit_signal,False,1
btc-freinforced-original_late_base,BTC/USDT:USDT,2026-08-21 03:45:00+00:00,2026-08-21 04:10:00+00:00,False,1.0,2493.2098,2493.2098,74647.0,74813.7,0.0334,2.07338883,0.0008310325400890257,0.0007,0.0007,0.0,-0.05,25,exit_signal,False,1
btc-freinforced-original_late_base,BTC/USDT:USDT,2026-08-23 14:45:00+00:00,2026-08-23 16:35:00+00:00,True,1.0,2494.8,2494.8,77000.0,77400.0,0.0324,-16.21187168,-0.00650281703525641,0.0007,0.0007,0.24992031599999998,-0.05,110,exit_signal,False,1
btc-freinforced-original_late_base,BTC/USDT:USDT,2026-08-27 14:05:00+00:00,2026-08-27 14:15:00+00:00,False,1.0,2493.13577,2493.13577,79652.9,79419.9,0.0313,-10.77818505,-0.004320119958040369,0.0007,0.0007,0.0,-0.05,10,exit_signal,False,1
btc-freinforced-original_late_base,BTC/USDT:USDT,2026-08-28 05:50:00+00:00,2026-08-28 05:55:00+00:00,False,1.0,2498.79168,2498.79168,79833.6,79772.9,0.0313,-5.39688841,-0.0021582884535370646,0.0007,0.0007,0.0,-0.05,5,exit_signal,False,1
btc-freinforced-original_late_base,BTC/USDT:USDT,2026-08-28 11:00:00+00:00,2026-08-28 11:55:00+00:00,False,1.0,2497.56542,2497.56542,79540.3,79562.0,0.0314,-2.81568855,-0.001126584682909841,0.0007,0.0007,0.0,-0.05,55,exit_signal,False,1
btc-freinforced-original_late_base,BTC/USDT:USDT,2026-08-30 07:45:00+00:00,2026-08-30 08:10:00+00:00,True,1.0,2499.536,2499.536,78110.5,78159.0,0.032,-4.89181379,-0.001958459673443721,0.0007,0.0007,0.16062300870497528,-0.05,25,exit_signal,False,1
btc-freinforced-original_late_base,BTC/USDT:USDT,2026-09-01 00:20:00+00:00,2026-09-01 00:35:00+00:00,False,1.0,2496.99632,2496.99632,78769.6,78773.5,0.0317,-3.37225139,-0.0013495784668494458,0.0007,0.0007,0.0,-0.05,15,exit_signal,False,1
btc-freinforced-original_late_base,BTC/USDT:USDT,2026-09-04 15:45:00+00:00,2026-09-04 16:20:00+00:00,False,1.0,2495.63432,2495.63432,79478.8,79423.3,0.0314,-5.32148759,-0.002130827065397917,0.0007,0.0007,-0.08611943536235842,-0.05,35,exit_signal,False,1
btc-freinforced-original_late_base,BTC/USDT:USDT,2026-09-06 08:10:00+00:00,2026-09-06 08:25:00+00:00,False,1.0,2499.07964,2499.07964,79842.8,79778.5,0.0313,-5.50989268,-0.0022032264858445417,0.0007,0.0007,0.0,-0.05,15,exit_signal,False,1
btc-freinforced-original_late_base,BTC/USDT:USDT,2026-09-06 17:10:00+00:00,2026-09-06 17:25:00+00:00,True,1.0,2498.07096,2498.07096,79556.4,79690.5,0.0314,-7.71098686,-0.003088938807339677,0.0007,0.0007,0.0,-0.05,15,exit_signal,False,1
btc-volatility-1h-risk_early_base,BTC/USDT:USDT,2026-03-16 06:00:00+00:00,2026-03-18 06:00:00+00:00,False,1.0,2469.73113,2469.73113,74166.1,73920.2,0.0333,-11.64036165,-0.004709913138047686,0.0007,0.0007,0.0,-0.02,2880,research_timeout_48h,False,1
btc-volatility-1h-risk_early_base,BTC/USDT:USDT,2026-03-22 00:00:00+00:00,2026-03-23 11:05:00+00:00,True,1.0,2466.23694,2466.23694,68889.3,70267.0,0.0358,-52.80891688,-0.021427750172419123,0.0007,0.0007,0.0,-0.02,2105,stop_loss,False,1
btc-volatility-1h-risk_early_base,BTC/USDT:USDT,2026-03-23 12:00:00+00:00,2026-03-25 12:00:00+00:00,False,1.0,2453.4965,2453.4965,70099.9,71643.6,0.035,50.55678425,0.020591600296360903,0.0007,0.0007,0.0,-0.02,2880,research_timeout_48h,False,1
btc-volatility-1h-risk_early_base,BTC/USDT:USDT,2026-04-06 00:00:00+00:00,2026-04-08 00:00:00+00:00,False,1.0,2470.4864,2470.4864,69008.0,71904.7,0.0358,100.17058774,0.040518546217390844,0.0007,0.0007,0.0,-0.02,2880,research_timeout_48h,False,1
btc-volatility-1h-risk_early_base,BTC/USDT:USDT,2026-04-08 01:00:00+00:00,2026-04-10 01:00:00+00:00,False,1.0,2495.0208,2495.0208,71696.0,71945.7,0.0348,5.19044819,0.0020788674057577133,0.0007,0.0007,0.0,-0.02,2880,research_timeout_48h,False,1
btc-volatility-1h-risk_early_base,BTC/USDT:USDT,2026-04-13 15:00:00+00:00,2026-04-15 15:00:00+00:00,False,1.0,2495.9715,2495.9715,72347.0,74111.0,0.0345,57.3210393,0.022949357650979548,0.0007,0.0007,0.0,-0.02,2880,research_timeout_48h,False,1
btc-volatility-1h-risk_early_base,BTC/USDT:USDT,2026-04-17 15:00:00+00:00,2026-04-18 10:05:00+00:00,False,1.0,2498.79882,2498.79882,77844.2,76287.4,0.0321,-53.43661705,-0.021369962702196016,0.0007,0.0007,0.0,-0.02,1145,stop_loss,False,1
btc-volatility-1h-risk_early_base,BTC/USDT:USDT,2026-04-27 06:00:00+00:00,2026-04-29 06:00:00+00:00,True,1.0,2495.45721,2495.45721,77740.1,77244.9,0.0321,12.41340705,0.004977886405740148,0.0007,0.0007,0.0,-0.02,2880,research_timeout_48h,False,1
btc-volatility-1h-risk_early_base,BTC/USDT:USDT,2026-05-04 03:00:00+00:00,2026-05-04 10:15:00+00:00,False,1.0,2492.29491,2492.29491,80138.1,78535.4,0.0311,-53.2982921,-0.021370267691725373,0.0007,0.0007,0.0,-0.02,435,stop_loss,False,1
btc-volatility-1h-risk_early_base,BTC/USDT:USDT,2026-05-11 00:00:00+00:00,2026-05-11 03:15:00+00:00,False,1.0,2481.92358,2481.92358,82182.9,80539.3,0.0302,-53.07666731,-0.02137033551704175,0.0007,0.0007,0.0,-0.02,195,stop_loss,False,1
btc-volatility-1h-risk_early_base,BTC/USDT:USDT,2026-05-14 15:00:00+00:00,2026-05-15 13:35:00+00:00,False,1.0,2467.98985,2467.98985,80917.7,79299.4,0.0305,-52.77878508,-0.021370373858692417,0.0007,0.0007,0.0,-0.02,1355,stop_loss,False,1
btc-volatility-1h-risk_early_base,BTC/USDT:USDT,2026-05-23 21:00:00+00:00,2026-05-25 21:00:00+00:00,False,1.0,2456.77578,2456.77578,77257.1,77248.0,0.0318,-3.72866353,-0.0015166444254412557,0.0007,0.0007,0.0,-0.02,2880,research_timeout_48h,False,1
btc-volatility-1h-risk_early_base,BTC/USDT:USDT,2026-06-02 15:00:00+00:00,2026-06-04 15:00:00+00:00,True,1.0,2455.06353,2455.06353,68007.3,63924.1,0.0361,144.06961352,0.05872374833942692,0.0007,0.0007,0.0,-0.02,2880,research_timeout_48h,False,1
btc-volatility-1h-risk_early_base,BTC/USDT:USDT,2026-06-15 00:00:00+00:00,2026-06-17 00:00:00+00:00,False,1.0,2496.5164,2496.5164,65697.8,65648.7,0.038,-4.7334649,-0.0018947016700332346,0.0007,0.0007,0.6261519988758965,-0.02,2880,research_timeout_48h,False,1
btc-volatility-1h-risk_early_base,BTC/USDT:USDT,2026-06-17 21:00:00+00:00,2026-06-19 21:00:00+00:00,True,1.0,2492.2026,2492.2026,64398.0,63215.8,0.0387,42.52990656,0.017077142263170815,0.0007,0.0007,0.23582440175982747,-0.02,2880,research_timeout_48h,False,1
btc-volatility-1h-risk_early_base,BTC/USDT:USDT,2026-06-24 15:00:00+00:00,2026-06-26 15:00:00+00:00,True,1.0,2498.57282,2498.57282,61089.8,59571.2,0.0409,58.39409035,0.02338734912132458,0.0007,0.0007,-0.262125217349439,-0.02,2880,research_timeout_48h,False,1
btc-volatility-1h-risk_early_base,BTC/USDT:USDT,2026-07-06 18:00:00+00:00,2026-07-08 08:15:00+00:00,False,1.0,2498.07306,2498.07306,63564.2,62293.0,0.0393,-54.23968484,-0.021697421299386007,0.0007,0.0007,-0.8191932653690875,-0.02,2295,stop_loss,False,1
btc-volatility-1h-risk_late_base,BTC/USDT:USDT,2026-07-14 15:00:00+00:00,2026-07-16 15:00:00+00:00,False,1.0,2474.6876,2474.6876,64277.6,64509.9,0.0385,4.40469612,0.0017786548045528431,0.0007,0.0007,-1.0680307566478433,-0.02,2880,research_timeout_48h,False,1
btc-volatility-1h-risk_late_base,BTC/USDT:USDT,2026-07-20 18:00:00+00:00,2026-07-22 18:00:00+00:00,False,1.0,2471.48382,2471.48382,65556.6,65993.6,0.0377,12.86994924,0.005203734887245113,0.0007,0.0007,-0.1333409826626646,-0.02,2880,research_timeout_48h,False,1
btc-volatility-1h-risk_late_base,BTC/USDT:USDT,2026-07-24 15:00:00+00:00,2026-07-26 15:00:00+00:00,True,1.0,2478.07323,2478.07323,64032.9,64684.0,0.0387,-28.25675763,-0.011410700407691784,0.0007,0.0007,0.42775318723727107,-0.02,2880,research_timeout_48h,False,1
btc-volatility-1h-risk_late_base,BTC/USDT:USDT,2026-07-27 00:00:00+00:00,2026-07-27 22:45:00+00:00,False,1.0,2471.33754,2471.33754,65379.3,64071.8,0.0378,-53.22078968,-0.021520152681033196,0.0007,0.0007,-0.3720135754767921,-0.02,1365,stop_loss,False,1
btc-volatility-1h-risk_late_base,BTC/USDT:USDT,2026-07-28 00:00:00+00:00,2026-07-30 00:00:00+00:00,True,1.0,2453.5049,2453.5049,63727.4,63955.0,0.0385,-11.6040915,-0.004732910887619513,0.0007,0.0007,0.5995491839040408,-0.02,2880,research_timeout_48h,False,1
btc-volatility-1h-risk_late_base,BTC/USDT:USDT,2026-08-03 15:00:00+00:00,2026-08-05 15:00:00+00:00,False,1.0,2455.22304,2455.22304,63938.1,64440.0,0.0384,15.14485162,0.006164107045709478,0.0007,0.0007,-0.6773050542974791,-0.02,2880,research_timeout_48h,False,1
btc-volatility-1h-risk_late_base,BTC/USDT:USDT,2026-08-12 15:00:00+00:00,2026-08-14 15:00:00+00:00,True,1.0,2457.89464,2457.89464,63347.8,62590.1,0.0388,27.19928852,0.01107384381575903,0.0007,0.0007,1.221001885073302,-0.02,2880,research_timeout_48h,False,1
btc-volatility-1h-risk_late_base,BTC/USDT:USDT,2026-08-17 03:00:00+00:00,2026-08-19 03:00:00+00:00,False,1.0,2465.40031,2465.40031,63377.9,64330.1,0.0389,33.13889315,0.0134321846302899,0.0007,0.0007,-0.4241980111783237,-0.02,2880,research_timeout_48h,False,1
btc-volatility-1h-risk_late_base,BTC/USDT:USDT,2026-08-19 15:00:00+00:00,2026-08-21 15:00:00+00:00,False,1.0,2471.0475,2471.0475,65894.6,77388.3,0.0375,426.18803131,0.17235197153196696,0.0007,0.0007,-1.0645425641026443,-0.02,2880,research_timeout_48h,False,1
btc-volatility-1h-risk_late_base,BTC/USDT:USDT,2026-09-03 15:00:00+00:00,2026-09-04 14:40:00+00:00,False,1.0,2496.0704,2496.0704,80518.4,78908.1,0.031,-53.70150969,-0.02149937154358708,0.0007,0.0007,-0.3226546362049341,-0.02,1420,stop_loss,False,1
btc-volatility-1h-risk_late_base,BTC/USDT:USDT,2026-09-04 15:00:00+00:00,2026-09-06 15:00:00+00:00,True,1.0,2492.35836,2492.35836,78872.1,79505.2,0.0316,-23.35854441,-0.00937862998352747,0.0007,0.0007,0.15072146568049738,-0.02,2880,research_timeout_48h,False,1
btc-volatility-original_early_base,BTC/USDT:USDT,2026-03-16 06:00:00+00:00,2026-03-22 00:00:00+00:00,False,2.0,1249.698785,1249.698785,74166.1,68889.3,0.0337,-181.20283689,-0.1448957827317228,0.0007,0.0007,0.0,-1.0,8280,exit_signal,False,1
btc-volatility-original_early_base,BTC/USDT:USDT,2026-03-22 00:00:00+00:00,2026-03-23 12:00:00+00:00,True,2.0,1246.89633,1246.89633,68889.3,70099.9,0.0362,-47.34570633,-0.037997442449829055,0.0007,0.0007,0.0,-1.0,2160,exit_signal,False,1
btc-volatility-original_early_base,BTC/USDT:USDT,2026-03-23 12:00:00+00:00,2026-04-27 06:00:00+00:00,False,2.0,2493.37262,2493.37262,69550.1,77740.1,0.0717,579.82743271,0.23238477585584594,0.0007,0.0007,0.0,-1.0,50040,exit_signal,False,2
btc-volatility-original_early_base,BTC/USDT:USDT,2026-04-27 06:00:00+00:00,2026-05-04 03:00:00+00:00,True,2.0,1247.728605,1247.728605,77740.1,80138.1,0.0321,-80.52332315,-0.06458113458116334,0.0007,0.0007,0.0,-1.0,9900,exit_signal,False,1
btc-volatility-original_early_base,BTC/USDT:USDT,2026-05-04 03:00:00+00:00,2026-06-02 15:00:00+00:00,False,2.0,2491.21839,2491.21839,81147.2,68007.3,0.0614,-813.1992195,-0.3261979686314195,0.0007,0.0007,0.0,-1.0,42480,exit_signal,False,2
btc-volatility-original_early_base,BTC/USDT:USDT,2026-06-02 15:00:00+00:00,2026-06-15 00:00:00+00:00,True,2.0,1247.933955,1247.933955,68007.3,65697.8,0.0367,80.42486737,0.0644915573380236,0.0007,0.0007,-0.8988986085591384,-1.0,17820,exit_signal,False,1
btc-volatility-original_early_base,BTC/USDT:USDT,2026-06-15 00:00:00+00:00,2026-06-17 21:00:00+00:00,False,2.0,1248.2582,1248.2582,65697.8,64398.0,0.038,-52.07932082,-0.041692408506863794,0.0007,0.0007,0.773627456569453,-1.0,4140,exit_signal,False,1
btc-volatility-original_early_base,BTC/USDT:USDT,2026-06-17 21:00:00+00:00,2026-07-06 18:00:00+00:00,True,2.0,2498.60761,2498.60761,62700.3,63564.2,0.0797,-66.97254247,-0.026822721511387086,0.0007,0.0007,8.923274903656361,-1.0,27180,exit_signal,False,2
btc-volatility-original_early_base,BTC/USDT:USDT,2026-07-06 18:00:00+00:00,2026-07-10 00:00:00+00:00,False,2.0,1249.03653,1249.03653,63564.2,63196.9,0.0393,-19.39668961,-0.015518458395290086,0.0007,0.0007,-1.4746017493100285,-1.0,4680,force_exit,False,1
btc-volatility-original_late_base,BTC/USDT:USDT,2026-07-14 15:00:00+00:00,2026-07-24 15:00:00+00:00,False,2.0,2491.178175,2491.178175,64622.0,64032.9,0.0771,-55.05420087,-0.022084205152077912,0.0007,0.0007,-2.6909358129727465,-1.0,14400,exit_signal,False,2
btc-volatility-original_late_base,BTC/USDT:USDT,2026-07-24 15:00:00+00:00,2026-07-27 00:00:00+00:00,True,2.0,1248.64155,1248.64155,64032.9,65379.3,0.039,-55.39158142,-0.04439255019815856,0.0007,0.0007,0.6509716356516886,-1.0,3420,exit_signal,False,1
btc-volatility-original_late_base,BTC/USDT:USDT,2026-07-27 00:00:00+00:00,2026-07-28 00:00:00+00:00,False,2.0,1248.74463,1248.74463,65379.3,63727.4,0.0382,-66.98985442,-0.053608233994145965,0.0007,0.0007,-0.43496125982931977,-1.0,1440,exit_signal,False,1
btc-volatility-original_late_base,BTC/USDT:USDT,2026-07-28 00:00:00+00:00,2026-08-03 15:00:00+00:00,True,2.0,1249.05704,1249.05704,63727.4,63938.1,0.0392,-9.61801603,-0.00770561555567562,0.0007,0.0007,2.144565285370658,-1.0,9540,exit_signal,False,1
btc-volatility-original_late_base,BTC/USDT:USDT,2026-08-03 15:00:00+00:00,2026-08-12 15:00:00+00:00,False,2.0,1249.989855,1249.989855,63938.1,63347.8,0.0391,-30.12600762,-0.024084142799769954,0.0007,0.0007,-3.5614625342138417,-1.0,12960,exit_signal,False,1
btc-volatility-original_late_base,BTC/USDT:USDT,2026-08-12 15:00:00+00:00,2026-08-17 03:00:00+00:00,True,2.0,1247.95166,1247.95166,63347.8,63377.9,0.0394,-1.97040916,-0.001580020665695346,0.0007,0.0007,2.7106256470090013,-1.0,6480,exit_signal,False,1
btc-volatility-original_late_base,BTC/USDT:USDT,2026-08-17 03:00:00+00:00,2026-09-04 15:00:00+00:00,False,2.0,2493.95257,2493.95257,64610.2,78872.1,0.0772,1072.6654889,0.42980574738684485,0.0007,0.0007,-20.601709214616168,-1.0,26640,exit_signal,False,2
btc-volatility-original_late_base,BTC/USDT:USDT,2026-09-04 15:00:00+00:00,2026-09-08 00:00:00+00:00,True,2.0,1246.17918,1246.17918,78872.1,79074.4,0.0316,-9.46722159,-0.00760232030782372,0.0007,0.0007,0.4192349948159483,-1.0,4860,force_exit,False,1
xau-volatility-1h-risk_early_base,XAU/USDT:USDT,2026-03-18 15:00:00+00:00,2026-03-20 15:00:00+00:00,True,1.0,2471.3715,2471.3715,4874.5,4575.7,0.507,148.13772402,0.059983492188505697,0.0007,0.0007,0.0,-0.02,2880,research_timeout_48h,False,1
xau-volatility-1h-risk_early_base,XAU/USDT:USDT,2026-03-23 03:00:00+00:00,2026-03-23 12:00:00+00:00,True,1.0,2497.4969,2497.4969,4373.9,4377.8,0.571,-5.72495449,-0.0022938826331819415,0.0007,0.0007,0.0,-0.02,540,exit_signal,False,1
xau-volatility-1h-risk_early_base,XAU/USDT:USDT,2026-03-23 12:00:00+00:00,2026-03-25 12:00:00+00:00,False,1.0,2499.7238,2499.7238,4377.8,4574.9,0.571,108.96570581,0.0435606058444456,0.0007,0.0007,0.0,-0.02,2880,research_timeout_48h,False,1
xau-volatility-1h-risk_early_base,XAU/USDT:USDT,2026-03-30 00:00:00+00:00,2026-03-30 06:15:00+00:00,True,1.0,2497.4598,2497.4598,4451.8,4540.8,0.561,-53.46039402,-0.02142090235436696,0.0007,0.0007,0.0,-0.02,375,stop_loss,False,1
xau-volatility-1h-risk_early_base,XAU/USDT:USDT,2026-04-08 00:00:00+00:00,2026-04-08 18:15:00+00:00,False,1.0,2496.8571,2496.8571,4810.9,4714.7,0.519,-53.38845048,-0.021367304002582008,0.0007,0.0007,0.0,-0.02,1095,stop_loss,False,1
xau-volatility-1h-risk_early_base,XAU/USDT:USDT,2026-04-17 15:00:00+00:00,2026-04-19 15:00:00+00:00,False,1.0,2496.8578,2496.8578,4857.7,4796.4,0.514,-34.98174518,-0.014000506992203877,0.0007,0.0007,0.0,-0.02,2880,research_timeout_48h,False,1
xau-volatility-1h-risk_early_base,XAU/USDT:USDT,2026-04-21 15:00:00+00:00,2026-04-23 15:00:00+00:00,True,1.0,2498.9712,2498.9712,4732.9,4726.3,0.528,-0.01132032,-4.533165398161607e-06,0.0007,0.0007,0.0,-0.02,2880,research_timeout_48h,False,1
xau-volatility-1h-risk_early_base,XAU/USDT:USDT,2026-04-27 00:00:00+00:00,2026-04-27 03:00:00+00:00,True,1.0,2498.1054,2498.1054,4678.1,4712.7,0.534,-21.98668104,-0.008807507680720127,0.0007,0.0007,0.0,-0.02,180,exit_signal,False,1
xau-volatility-1h-risk_early_base,XAU/USDT:USDT,2026-04-27 03:00:00+00:00,2026-04-28 06:00:00+00:00,False,1.0,2493.0183,2493.0183,4712.7,4633.2,0.529,-45.51628677,-0.01824473075734757,0.0007,0.0007,0.0,-0.02,1620,exit_signal,False,1
xau-volatility-1h-risk_early_base,XAU/USDT:USDT,2026-04-28 06:00:00+00:00,2026-04-30 06:00:00+00:00,True,1.0,2483.3952,2483.3952,4633.2,4567.1,0.536,31.97764744,0.01288560414114969,0.0007,0.0007,0.0,-0.02,2880,research_timeout_48h,False,1
xau-volatility-1h-risk_early_base,XAU/USDT:USDT,2026-05-11 15:00:00+00:00,2026-05-13 15:00:00+00:00,False,1.0,2491.9722,2491.9722,4728.6,4685.8,0.527,-26.02857216,-0.010437662548790394,0.0007,0.0007,0.0,-0.02,2880,research_timeout_48h,False,1
xau-volatility-1h-risk_early_base,XAU/USDT:USDT,2026-05-15 06:00:00+00:00,2026-05-17 06:00:00+00:00,True,1.0,2483.1424,2483.1424,4564.6,4534.8,0.544,12.74614848,0.005136667568450261,0.0007,0.0007,0.0,-0.02,2880,research_timeout_48h,False,1
xau-volatility-1h-risk_early_base,XAU/USDT:USDT,2026-05-25 00:00:00+00:00,2026-05-27 00:00:00+00:00,False,1.0,2486.8416,2486.8416,4571.4,4526.8,0.544,-27.72699456,-0.011141682381592632,0.0007,0.0007,0.0,-0.02,2880,research_timeout_48h,False,1
xau-volatility-1h-risk_early_base,XAU/USDT:USDT,2026-05-27 12:00:00+00:00,2026-05-28 15:00:00+00:00,True,1.0,2481.7923,2481.7923,4439.7,4472.7,0.559,-21.93442212,-0.008844328742127058,0.0007,0.0007,0.0,-0.02,1620,exit_signal,False,1
xau-volatility-1h-risk_early_base,XAU/USDT:USDT,2026-05-28 15:00:00+00:00,2026-05-30 15:00:00+00:00,False,1.0,2473.4031,2473.4031,4472.7,4542.2,0.553,34.94383221,0.01411795296850458,0.0007,0.0007,0.0,-0.02,2880,research_timeout_48h,False,1
xau-volatility-1h-risk_early_base,XAU/USDT:USDT,2026-06-01 15:00:00+00:00,2026-06-03 15:00:00+00:00,True,1.0,2483.2072,2483.2072,4466.2,4460.9,0.556,-0.52762732,-0.00021262700826676478,0.0007,0.0007,0.0,-0.02,2880,research_timeout_48h,False,1
xau-volatility-1h-risk_early_base,XAU/USDT:USDT,2026-06-05 15:00:00+00:00,2026-06-07 15:00:00+00:00,True,1.0,2485.568,2485.568,4376.0,4321.3,0.568,27.61155352,0.011116531572100472,0.0007,0.0007,0.0,-0.02,2880,research_timeout_48h,False,1
xau-volatility-1h-risk_early_base,XAU/USDT:USDT,2026-06-15 00:00:00+00:00,2026-06-17 00:00:00+00:00,False,1.0,2491.97,2491.97,4296.5,4334.0,0.58,18.246017,0.007316803060387694,0.0007,0.0007,0.0,-0.02,2880,research_timeout_48h,False,1
xau-volatility-1h-risk_early_base,XAU/USDT:USDT,2026-06-17 21:00:00+00:00,2026-06-19 21:00:00+00:00,True,1.0,2497.1218,2497.1218,4261.3,4165.0,0.586,54.78530696,0.021954749479371385,0.0007,0.0007,1.809975219392275,-0.02,2880,research_timeout_48h,False,1
xau-volatility-1h-risk_early_base,XAU/USDT:USDT,2026-06-22 03:00:00+00:00,2026-06-23 07:40:00+00:00,False,1.0,2499.2664,2499.2664,4193.4,4109.6,0.596,-53.4088116,-0.02135484699986015,0.0007,0.0007,0.0,-0.02,1720,stop_loss,False,1
xau-volatility-1h-risk_early_base,XAU/USDT:USDT,2026-06-30 03:00:00+00:00,2026-06-30 14:05:00+00:00,True,1.0,2494.1648,2494.1648,3971.6,4051.0,0.628,-53.24044923,-0.021360955639561342,0.0007,0.0007,0.1494857251610103,-0.02,665,stop_loss,False,1
xau-volatility-1h-risk_early_base,XAU/USDT:USDT,2026-07-01 12:00:00+00:00,2026-07-03 12:00:00+00:00,False,1.0,2481.648,2481.648,4035.2,4183.2,0.615,87.27388958,0.035143114813859934,0.0007,0.0007,-0.20808921969863925,-0.02,2880,research_timeout_48h,False,1
xau-volatility-1h-risk_early_base,XAU/USDT:USDT,2026-07-08 09:00:00+00:00,2026-07-10 00:00:00+00:00,True,1.0,2497.884,2497.884,4061.6,4127.3,0.615,-43.77929604,-0.0175388300714164,0.0007,0.0007,0.15152541415694795,-0.02,2340,force_exit,False,1
xau-volatility-1h-risk_late_base,XAU/USDT:USDT,2026-07-13 15:00:00+00:00,2026-07-14 12:30:00+00:00,True,1.0,2473.9605,2473.9605,4022.7,4103.1,0.615,-52.13627667,-0.021088775519390805,0.0007,0.0007,0.8078802311254536,-0.02,1290,stop_loss,False,1
xau-volatility-1h-risk_late_base,XAU/USDT:USDT,2026-07-14 15:00:00+00:00,2026-07-16 12:40:00+00:00,False,1.0,2461.9994,2461.9994,4089.7,4008.0,0.602,-54.50435345,-0.022122762130257333,0.0007,0.0007,-1.9085826661171192,-0.02,2740,stop_loss,False,1
xau-volatility-1h-risk_late_base,XAU/USDT:USDT,2026-07-20 03:00:00+00:00,2026-07-22 03:00:00+00:00,False,1.0,2444.7532,2444.7532,4027.6,4133.9,0.607,60.27914176,0.024639287056413786,0.0007,0.0007,-0.7771368858150953,-0.02,2880,research_timeout_48h,False,1
xau-volatility-1h-risk_late_base,XAU/USDT:USDT,2026-07-22 04:00:00+00:00,2026-07-23 13:05:00+00:00,False,1.0,2460.0275,2460.0275,4134.5,4051.9,0.595,-52.5566356,-0.021349302676420132,0.0007,0.0007,0.0,-0.02,1985,stop_loss,False,1
xau-volatility-1h-risk_late_base,XAU/USDT:USDT,2026-07-27 00:00:00+00:00,2026-07-28 03:00:00+00:00,False,1.0,2446.9836,2446.9836,4098.8,4048.5,0.597,-33.43385667,-0.013653736519305227,0.0007,0.0007,0.0,-0.02,1620,exit_signal,False,1
xau-volatility-1h-risk_late_base,XAU/USDT:USDT,2026-07-28 03:00:00+00:00,2026-07-29 18:00:00+00:00,True,1.0,2441.2455,2441.2455,4048.5,4052.0,0.603,-4.85580126,-0.001990460484982491,0.0007,0.0007,0.6739197862472373,-0.02,2340,exit_signal,False,1
xau-volatility-1h-risk_late_base,XAU/USDT:USDT,2026-07-29 18:00:00+00:00,2026-07-31 18:00:00+00:00,False,1.0,2439.304,2439.304,4052.0,4061.2,0.602,0.68442912,0.000280387501824977,0.0007,0.0007,-1.4350683969669773,-0.02,2880,research_timeout_48h,False,1
xau-volatility-1h-risk_late_base,XAU/USDT:USDT,2026-08-05 03:00:00+00:00,2026-08-07 03:00:00+00:00,False,1.0,2439.473,2439.473,4134.7,4254.7,0.59,67.3351778,0.0275830378719901,0.0007,0.0007,0.0,-0.02,2880,research_timeout_48h,False,1
xau-volatility-1h-risk_late_base,XAU/USDT:USDT,2026-08-19 15:00:00+00:00,2026-08-21 15:00:00+00:00,False,1.0,2455.0454,2455.0454,4488.2,4592.6,0.547,53.62976168,0.02182943219991984,0.0007,0.0007,0.0,-0.02,2880,research_timeout_48h,False,1
xau-volatility-1h-risk_late_base,XAU/USDT:USDT,2026-08-25 03:00:00+00:00,2026-08-27 03:00:00+00:00,True,1.0,2469.1758,2469.1758,4632.6,4632.8,0.533,-2.75872493,-0.0011180481317584277,0.0007,0.0007,0.8047958125149317,-0.02,2880,research_timeout_48h,False,1
xau-volatility-1h-risk_late_base,XAU/USDT:USDT,2026-08-28 18:00:00+00:00,2026-08-30 18:00:00+00:00,True,1.0,2466.6066,2466.6066,4476.6,4485.9,0.551,-7.58975461,-0.0030791578842819397,0.0007,0.0007,0.9913816354373467,-0.02,2880,research_timeout_48h,False,1
xau-volatility-1h-risk_late_base,XAU/USDT:USDT,2026-09-01 09:00:00+00:00,2026-09-03 09:00:00+00:00,True,1.0,2464.9266,2464.9266,4378.2,4440.0,0.563,-34.1668754,-0.013870923769606932,0.0007,0.0007,4.101777220623036,-0.02,2880,research_timeout_48h,False,1
xau-volatility-1h-session_early_base,XAU/USDT:USDT,2026-03-18 15:00:00+00:00,2026-03-20 15:00:00+00:00,True,1.0,2471.3715,2471.3715,4874.5,4575.7,0.507,148.13772402,0.059983492188505697,0.0007,0.0007,0.0,-0.02,2880,research_timeout_48h,False,1
xau-volatility-1h-session_early_base,XAU/USDT:USDT,2026-03-23 12:00:00+00:00,2026-03-25 12:00:00+00:00,False,1.0,2499.7238,2499.7238,4377.8,4574.9,0.571,108.96570581,0.0435606058444456,0.0007,0.0007,0.0,-0.02,2880,research_timeout_48h,False,1
xau-volatility-1h-session_early_base,XAU/USDT:USDT,2026-04-17 15:00:00+00:00,2026-04-19 15:00:00+00:00,False,1.0,2496.8578,2496.8578,4857.7,4796.4,0.514,-34.98174518,-0.014000506992203877,0.0007,0.0007,0.0,-0.02,2880,research_timeout_48h,False,1
xau-volatility-1h-session_early_base,XAU/USDT:USDT,2026-04-21 15:00:00+00:00,2026-04-23 15:00:00+00:00,True,1.0,2498.9712,2498.9712,4732.9,4726.3,0.528,-0.01132032,-4.533165398161607e-06,0.0007,0.0007,0.0,-0.02,2880,research_timeout_48h,False,1
xau-volatility-1h-session_early_base,XAU/USDT:USDT,2026-04-28 12:00:00+00:00,2026-04-30 12:00:00+00:00,True,1.0,2498.2037,2498.2037,4567.1,4627.3,0.547,-36.44993576,-0.01460067831458724,0.0007,0.0007,0.0,-0.02,2880,research_timeout_48h,False,1
xau-volatility-1h-session_early_base,XAU/USDT:USDT,2026-05-11 15:00:00+00:00,2026-05-13 15:00:00+00:00,False,1.0,2496.7008,2496.7008,4728.6,4685.8,0.528,-26.07796224,-0.010437662548790394,0.0007,0.0007,0.0,-0.02,2880,research_timeout_48h,False,1
xau-volatility-1h-session_early_base,XAU/USDT:USDT,2026-05-27 12:00:00+00:00,2026-05-28 15:00:00+00:00,True,1.0,2499.5511,2499.5511,4439.7,4472.7,0.563,-22.09137684,-0.008844328742127056,0.0007,0.0007,0.0,-0.02,1620,exit_signal,False,1
xau-volatility-1h-session_early_base,XAU/USDT:USDT,2026-05-28 15:00:00+00:00,2026-05-30 15:00:00+00:00,False,1.0,2495.7666,2495.7666,4472.7,4542.2,0.558,35.25978006,0.01411795296850458,0.0007,0.0007,0.0,-0.02,2880,research_timeout_48h,False,1
xau-volatility-1h-session_early_base,XAU/USDT:USDT,2026-06-01 15:00:00+00:00,2026-06-03 15:00:00+00:00,True,1.0,2496.6058,2496.6058,4466.2,4460.9,0.559,-0.53047423,-0.00021262700826676478,0.0007,0.0007,0.0,-0.02,2880,research_timeout_48h,False,1
xau-volatility-1h-session_early_base,XAU/USDT:USDT,2026-06-05 15:00:00+00:00,2026-06-07 15:00:00+00:00,True,1.0,2498.696,2498.696,4376.0,4321.3,0.571,27.75738919,0.01111653157210047,0.0007,0.0007,0.0,-0.02,2880,research_timeout_48h,False,1
xau-volatility-1h-session_early_base,XAU/USDT:USDT,2026-07-01 12:00:00+00:00,2026-07-03 12:00:00+00:00,False,1.0,2497.7888,2497.7888,4035.2,4183.2,0.619,87.84152463,0.03514311481218808,0.0007,0.0007,-0.20944264551781738,-0.02,2880,research_timeout_48h,False,1
xau-volatility-1h-session_early_base,XAU/USDT:USDT,2026-07-08 09:00:00+00:00,2026-07-10 00:00:00+00:00,True,1.0,2497.884,2497.884,4061.6,4127.3,0.615,-43.77929604,-0.0175388300714164,0.0007,0.0007,0.15152541415694795,-0.02,2340,force_exit,False,1
xau-volatility-1h-session_late_base,XAU/USDT:USDT,2026-07-13 15:00:00+00:00,2026-07-14 12:30:00+00:00,True,1.0,2473.9605,2473.9605,4022.7,4103.1,0.615,-52.13627667,-0.021088775519390805,0.0007,0.0007,0.8078802311254536,-0.02,1290,stop_loss,False,1
xau-volatility-1h-session_late_base,XAU/USDT:USDT,2026-07-14 15:00:00+00:00,2026-07-16 12:40:00+00:00,False,1.0,2461.9994,2461.9994,4089.7,4008.0,0.602,-54.50435345,-0.022122762130257333,0.0007,0.0007,-1.9085826661171192,-0.02,2740,stop_loss,False,1
xau-volatility-1h-session_late_base,XAU/USDT:USDT,2026-08-05 15:00:00+00:00,2026-08-07 15:00:00+00:00,False,1.0,2445.12,2445.12,4245.0,4339.5,0.576,50.9707296,0.020831319136675,0.0007,0.0007,0.0,-0.02,2880,research_timeout_48h,False,1
xau-volatility-1h-session_late_base,XAU/USDT:USDT,2026-08-19 15:00:00+00:00,2026-08-21 15:00:00+00:00,False,1.0,2459.5336,2459.5336,4488.2,4592.6,0.548,53.72780512,0.021829432199919837,0.0007,0.0007,0.0,-0.02,2880,research_timeout_48h,False,1
xau-volatility-1h-session_late_base,XAU/USDT:USDT,2026-09-01 09:00:00+00:00,2026-09-03 09:00:00+00:00,True,1.0,2473.683,2473.683,4378.2,4440.0,0.565,-34.28824973,-0.01387092376744412,0.0007,0.0007,4.11634836527889,-0.02,2880,research_timeout_48h,False,1
xau-volatility-original_early_base,XAU/USDT:USDT,2026-03-18 15:00:00+00:00,2026-03-23 12:00:00+00:00,True,2.0,2493.3767,2493.3767,4846.2,4377.8,1.029,475.35314328,0.19077988639522322,0.0007,0.0007,0.0,-1.0,7020,exit_signal,False,2
xau-volatility-original_early_base,XAU/USDT:USDT,2026-03-23 12:00:00+00:00,2026-03-30 00:00:00+00:00,False,2.0,1249.8619,1249.8619,4377.8,4451.8,0.571,38.72480888,0.03096159701777215,0.0007,0.0007,0.0,-1.0,9360,exit_signal,False,1
xau-volatility-original_early_base,XAU/USDT:USDT,2026-03-30 00:00:00+00:00,2026-04-08 00:00:00+00:00,True,2.0,1248.7299,1248.7299,4451.8,4810.9,0.561,-205.09256229,-0.16435598094460183,0.0007,0.0007,0.0,-1.0,12960,exit_signal,False,1
xau-volatility-original_early_base,XAU/USDT:USDT,2026-04-08 00:00:00+00:00,2026-04-21 15:00:00+00:00,False,2.0,2494.4286,2494.4286,4834.2,4732.9,1.032,-111.415647,-0.04463455502497774,0.0007,0.0007,0.0,-1.0,19620,exit_signal,False,2
xau-volatility-original_early_base,XAU/USDT:USDT,2026-04-21 15:00:00+00:00,2026-04-27 03:00:00+00:00,True,2.0,2498.5383,2498.5383,4705.3,4712.7,1.062,-14.8121748,-0.005932488841739903,0.0007,0.0007,0.0,-1.0,7920,exit_signal,False,2
xau-volatility-original_early_base,XAU/USDT:USDT,2026-04-27 03:00:00+00:00,2026-04-28 06:00:00+00:00,False,2.0,1248.8655,1248.8655,4712.7,4633.2,0.53,-45.6023289,-0.03648946151469514,0.0007,0.0007,0.0,-1.0,1620,exit_signal,False,1
xau-volatility-original_early_base,XAU/USDT:USDT,2026-04-28 06:00:00+00:00,2026-05-11 15:00:00+00:00,True,2.0,2495.4657,2495.4657,4599.9,4728.6,1.085,-146.68462368,-0.05882163591444661,0.0007,0.0007,0.0,-1.0,19260,exit_signal,False,2
xau-volatility-original_early_base,XAU/USDT:USDT,2026-05-11 15:00:00+00:00,2026-05-15 06:00:00+00:00,False,2.0,1248.3504,1248.3504,4728.6,4564.6,0.528,-90.02676672,-0.07206613789329831,0.0007,0.0007,0.0,-1.0,5220,exit_signal,False,1
xau-volatility-original_early_base,XAU/USDT:USDT,2026-05-15 06:00:00+00:00,2026-05-25 00:00:00+00:00,True,2.0,1248.4181,1248.4181,4564.6,4571.4,0.547,-7.2177744,-0.005785586079909356,0.0007,0.0007,0.0,-1.0,14040,exit_signal,False,1
xau-volatility-original_early_base,XAU/USDT:USDT,2026-05-25 00:00:00+00:00,2026-05-27 12:00:00+00:00,False,2.0,1247.9922,1247.9922,4571.4,4439.7,0.546,-75.35224242,-0.060336541163540154,0.0007,0.0007,0.0,-1.0,3600,exit_signal,False,1
xau-volatility-original_early_base,XAU/USDT:USDT,2026-05-27 12:00:00+00:00,2026-05-28 15:00:00+00:00,True,2.0,1249.77555,1249.77555,4439.7,4472.7,0.563,-22.09137684,-0.017688657484254112,0.0007,0.0007,0.0,-1.0,1620,exit_signal,False,1
xau-volatility-original_early_base,XAU/USDT:USDT,2026-05-28 15:00:00+00:00,2026-06-01 15:00:00+00:00,False,2.0,1247.8833,1247.8833,4472.7,4466.2,0.558,-7.11853434,-0.005700496874670794,0.0007,0.0007,0.0,-1.0,5760,exit_signal,False,1
xau-volatility-original_early_base,XAU/USDT:USDT,2026-06-01 15:00:00+00:00,2026-06-15 00:00:00+00:00,True,2.0,2495.4629,2495.4629,4420.7,4296.5,1.129,136.14043967,0.05459340017970747,0.0007,0.0007,2.85231167616166,-1.0,19260,exit_signal,False,2
xau-volatility-original_early_base,XAU/USDT:USDT,2026-06-15 00:00:00+00:00,2026-06-17 21:00:00+00:00,False,2.0,1248.13325,1248.13325,4296.5,4261.3,0.581,-23.93165726,-0.019160547816691242,0.0007,0.0007,0.0,-1.0,4140,exit_signal,False,1
xau-volatility-original_early_base,XAU/USDT:USDT,2026-06-17 21:00:00+00:00,2026-06-22 03:00:00+00:00,True,2.0,1248.5609,1248.5609,4261.3,4193.4,0.586,38.13125728,0.03056155919787353,0.0007,0.0007,1.809975219392275,-1.0,6120,exit_signal,False,1
xau-volatility-original_early_base,XAU/USDT:USDT,2026-06-22 03:00:00+00:00,2026-06-30 03:00:00+00:00,False,2.0,1249.6332,1249.6332,4193.4,3971.6,0.596,-139.96623245,-0.11192750370489842,0.0007,0.0007,-4.366994451943949,-1.0,11520,exit_signal,False,1
xau-volatility-original_early_base,XAU/USDT:USDT,2026-06-30 03:00:00+00:00,2026-07-01 12:00:00+00:00,True,2.0,1249.0682,1249.0682,3971.6,4035.2,0.629,-42.08058936,-0.033713184281278265,0.0007,0.0007,1.4492046784281798,-1.0,1980,exit_signal,False,1
xau-volatility-original_early_base,XAU/USDT:USDT,2026-07-01 12:00:00+00:00,2026-07-08 09:00:00+00:00,False,2.0,2495.8219,2495.8219,4064.9,4061.6,1.228,-11.86481111,-0.0047505439197859664,0.0007,0.0007,-0.8803090938192,-1.0,9900,exit_signal,False,2
xau-volatility-original_early_base,XAU/USDT:USDT,2026-07-08 09:00:00+00:00,2026-07-10 00:00:00+00:00,True,2.0,1248.942,1248.942,4061.6,4127.3,0.615,-43.77929604,-0.0350776601428328,0.0007,0.0007,0.15152541415694795,-1.0,2340,force_exit,False,1
xau-volatility-original_late_base,XAU/USDT:USDT,2026-07-13 00:00:00+00:00,2026-07-14 15:00:00+00:00,True,2.0,2498.23785,2498.23785,4055.6,4089.7,1.232,-47.20573146,-0.018908847537888886,0.0007,0.0007,1.8534588148104212,-1.0,2340,exit_signal,False,2
xau-volatility-original_late_base,XAU/USDT:USDT,2026-07-14 15:00:00+00:00,2026-07-28 03:00:00+00:00,False,2.0,2497.95935,2497.95935,4058.4,4048.5,1.231,-27.92708886,-0.01117214080064964,0.0007,0.0007,-8.72615331859954,-1.0,19440,exit_signal,False,2
xau-volatility-original_late_base,XAU/USDT:USDT,2026-07-28 03:00:00+00:00,2026-07-29 18:00:00+00:00,True,2.0,1248.96225,1248.96225,4048.5,4052.0,0.617,-4.9685396,-0.003980920971798633,0.0007,0.0007,0.6895663484486656,-1.0,2340,exit_signal,False,1
xau-volatility-original_late_base,XAU/USDT:USDT,2026-07-29 18:00:00+00:00,2026-08-25 03:00:00+00:00,False,2.0,2494.62805,2494.62805,4092.9,4632.6,1.219,652.04262287,0.26119585735892853,0.0007,0.0007,1.6047997202998086,-1.0,37980,exit_signal,False,2
xau-volatility-original_late_base,XAU/USDT:USDT,2026-08-25 03:00:00+00:00,2026-09-08 00:00:00+00:00,True,2.0,2495.2188,2495.2188,4553.3,4427.4,1.096,151.82722052,0.06088988028697735,0.0007,0.0007,20.710028115410417,-1.0,19980,force_exit,False,2
